Workbook
Name tb_baseline: baseline!$A$1:$H$163
Name tb_baseline: 'baseline V3'!$A$1:$H$163
Name tb_baseline: baseline!$A$1:$H$163
Name tb_baseline: baseline!$A$1:$H$163
Name tb_baseline: 'baseline v4'!$A$1:$H$163
Name tb_sprintday: sprintday!$A$5:$G$32

Sheet dashboard v1
A1: Baseline VS Activity
A2: Activity

Sheet Baseline V1
A1: Actual | B1: =AVERAGE(H7:H28) -> 0.42727273 | I1: Year 2026
A2: Plan | B2: {=AVERAGE(_xlfn.MAP(D7:D28, E7:E28, _xlfn.LAMBDA(_xlpm.s,_xlpm.e, IF(TODAY() > _xlpm.e, 1, IF(TODAY() < _xlpm.s, 0, (TODAY() - _xlpm.s) / (_xlpm.e - _xlpm.s))))))} -> 0.75619835 | I2: Jan | M2: Feb | Q2: Mar | V2: Apr | Z2: May | AD2: Jun | AI2: Jul | AM2: Aug | AR2: Sep | AV2: Oct | AZ2: Nov | BE2: Dec
A3: Varience | B3: =IF(B1<B2,"behide","advance") -> behide | I3: 1 | J3: 1 | K3: 1 | L3: 1 | M3: 2 | N3: 2 | O3: 2 | P3: 2 | Q3: 3 | R3: 3 | S3: 3 | T3: 3 | U3: 3 | V3: 4 | W3: 4 | X3: 4 | Y3: 4 | Z3: 5 | AA3: 5 | AB3: 5 | AC3: 5 | AD3: 6 | AE3: 6 | AF3: 6 | AG3: 6 | AH3: 6 | AI3: 7 | AJ3: 7 | AK3: 7 | AL3: 7 | AM3: 8 | AN3: 8 | AO3: 8 | AP3: 8 | AQ3: 8 | AR3: 9 | AS3: 9 | AT3: 9 | AU3: 9 | AV3: 10 | AW3: 10 | AX3: 10 | AY3: 10 | AZ3: 11 | BA3: 11 | BB3: 11 | BC3: 11 | BD3: 11 | BE3: 12 | BF3: 12 | BG3: 12 | BH3: 12
I4: =DATE(2026, I$3, I5) -> 46027 | J4: =DATE(2026, J$3, J5) -> 46034 | K4: =DATE(2026, K$3, K5) -> 46041 | L4: =DATE(2026, L$3, L5) -> 46048 | M4: =DATE(2026, M$3, M5) -> 46055 | N4: =DATE(2026, N$3, N5) -> 46062 | O4: =DATE(2026, O$3, O5) -> 46069 | P4: =DATE(2026, P$3, P5) -> 46076 | ... BH4: =DATE(2026, BH$3, BH5) -> 46384
I5: 5 | J5: 12 | K5: 19 | L5: 26 | M5: 2 | N5: 9 | O5: 16 | P5: 23 | Q5: 2 | R5: 9 | S5: 16 | T5: 23 | U5: 30 | V5: 6 | W5: 13 | X5: 20 | Y5: 27 | Z5: 4 | AA5: 11 | AB5: 18 | AC5: 25 | AD5: 1 | AE5: 8 | AF5: 15 | AG5: 22 | AH5: 29 | AI5: 6 | AJ5: 13 | AK5: 20 | AL5: 27 | AM5: 3 | AN5: 10 | AO5: 17 | AP5: 24 | AQ5: 31 | AR5: 7 | AS5: 14 | AT5: 21 | AU5: 28 | AV5: 5 | AW5: 12 | AX5: 19 | AY5: 26 | AZ5: 2 | BA5: 9 | BB5: 16 | BC5: 23 | BD5: 30 | BE5: 7 | BF5: 14 | BG5: 21 | BH5: 28
A6: module | B6: feature | C6: story id | D6: start | E6: end | F6: sprint no. | G6: % plan | H6: % actual
A7: MVP1 | B7: User Authentication | C7: S1: Login/Signup | D7: 46027 | E7: 46038 | F7: Sprint 1 | G7: =IF(TODAY() > E7, 1, IF(TODAY() < D7, 0, (TODAY() - D7) / (E7 - D7))) -> 1 | H7: 1
C8: S1: Login/Signup | D8: 46027 | E8: 46038 | F8: Sprint 1 | G8: =IF(TODAY() > E8, 1, IF(TODAY() < D8, 0, (TODAY() - D8) / (E8 - D8))) -> 1 | H8: 1
C9: S2: Profile Management | D9: 46041 | E9: 46052 | F9: Sprint 2 | G9: =IF(TODAY() > E9, 1, IF(TODAY() < D9, 0, (TODAY() - D9) / (E9 - D9))) -> 1 | H9: 1
B10: Task Management | C10: S1: Create/Edit Tasks | D10: 46055 | E10: 46066 | F10: Sprint 3 | G10: =IF(TODAY() > E10, 1, IF(TODAY() < D10, 0, (TODAY() - D10) / (E10 - D10))) -> 1 | H10: 1
C11: S2: Priority Labeling | D11: 46069 | E11: 46080 | F11: Sprint 4 | G11: =IF(TODAY() > E11, 1, IF(TODAY() < D11, 0, (TODAY() - D11) / (E11 - D11))) -> 1 | H11: 1
C12: S3: Due Date Reminders | D12: 46083 | E12: 46094 | F12: Sprint 5 | G12: =IF(TODAY() > E12, 1, IF(TODAY() < D12, 0, (TODAY() - D12) / (E12 - D12))) -> 1 | H12: 1
C13: S4: Task Archiving | D13: 46097 | E13: 46108 | F13: Sprint 6 | G13: =IF(TODAY() > E13, 1, IF(TODAY() < D13, 0, (TODAY() - D13) / (E13 - D13))) -> 1 | H13: 1
A14: MVP2 | B14: Calendar Integration | C14: S1: Sync Google/Outlook | D14: 46118 | E14: 46129 | F14: Sprint 7 | G14: =IF(TODAY() > E14, 1, IF(TODAY() < D14, 0, (TODAY() - D14) / (E14 - D14))) -> 1 | H14: 1
C15: S2: Drag-and-Drop Scheduling | D15: 46132 | E15: 46143 | F15: Sprint 8 | G15: =IF(TODAY() > E15, 1, IF(TODAY() < D15, 0, (TODAY() - D15) / (E15 - D15))) -> 1 | H15: 1
C16: S3: Conflict Detection | D16: 46146 | E16: 46157 | F16: Sprint 9 | G16: =IF(TODAY() > E16, 1, IF(TODAY() < D16, 0, (TODAY() - D16) / (E16 - D16))) -> 1 | H16: 0.2
B17: Progress Tracking | C17: S1: Daily Progress Dashboard | D17: 46160 | E17: 46171 | F17: Sprint 10 | G17: =IF(TODAY() > E17, 1, IF(TODAY() < D17, 0, (TODAY() - D17) / (E17 - D17))) -> 1 | H17: 0.1
C18: S2: Weekly Productivity Reports | D18: 46174 | E18: 46185 | F18: Sprint 11 | G18: =IF(TODAY() > E18, 1, IF(TODAY() < D18, 0, (TODAY() - D18) / (E18 - D18))) -> 1 | H18: 0.1
C19: S3: Streak/Gamification | D19: 46188 | E19: 46199 | F19: Sprint 12 | G19: =IF(TODAY() > E19, 1, IF(TODAY() < D19, 0, (TODAY() - D19) / (E19 - D19))) -> 1 | H19: 0
A20: Ph3 | B20: Collaboration | C20: S1: Shared Task Lists | D20: 46209 | E20: 46220 | F20: Sprint 13 | G20: =IF(TODAY() > E20, 1, IF(TODAY() < D20, 0, (TODAY() - D20) / (E20 - D20))) -> 1 | H20: 0
C21: S2: Team Comments/Mentions | D21: 46223 | E21: 46234 | F21: Sprint 14 | G21: =IF(TODAY() > E21, 1, IF(TODAY() < D21, 0, (TODAY() - D21) / (E21 - D21))) -> 1 | H21: 0
C22: S3: Role-based Permissions | D22: 46237 | E22: 46248 | F22: Sprint 15 | G22: =IF(TODAY() > E22, 1, IF(TODAY() < D22, 0, (TODAY() - D22) / (E22 - D22))) -> 1 | H22: 0
B23: Advanced Tools | C23: S1: Pomodoro Timer | D23: 46251 | E23: 46262 | F23: Sprint 16 | G23: =IF(TODAY() > E23, 1, IF(TODAY() < D23, 0, (TODAY() - D23) / (E23 - D23))) -> 0.63636364 | H23: 0
C24: S2: Focus Mode | D24: 46265 | E24: 46276 | F24: Sprint 17 | G24: =IF(TODAY() > E24, 1, IF(TODAY() < D24, 0, (TODAY() - D24) / (E24 - D24))) -> 0 | H24: 0
A25: QA/Go-Live | B25: Final Stabilization | C25: S1: UAT & Bug Fixing | D25: 46300 | E25: 46311 | F25: Sprint 20 | G25: =IF(TODAY() > E25, 1, IF(TODAY() < D25, 0, (TODAY() - D25) / (E25 - D25))) -> 0 | H25: 0
C26: S2: Performance Tuning | D26: 46314 | E26: 46325 | F26: Sprint 21 | G26: =IF(TODAY() > E26, 1, IF(TODAY() < D26, 0, (TODAY() - D26) / (E26 - D26))) -> 0 | H26: 0
C27: S3: Deployment & Go-Live | D27: 46328 | E27: 46339 | F27: Sprint 22 | G27: =IF(TODAY() > E27, 1, IF(TODAY() < D27, 0, (TODAY() - D27) / (E27 - D27))) -> 0 | H27: 0
B28: Post-Launch | C28: S1: Maintenance & Feedback | D28: 46342 | E28: 46381 | F28: Sprint 23-25 | G28: =IF(TODAY() > E28, 1, IF(TODAY() < D28, 0, (TODAY() - D28) / (E28 - D28))) -> 0 | H28: 0

Sheet Baseline V2
A1: Actual | B1: =AVERAGE(H7:H25) -> 0.599375 | I1: Year 2026
A2: Plan | B2: {=AVERAGE(_xlfn.MAP(D7:D25, E7:E25, _xlfn.LAMBDA(_xlpm.s,_xlpm.e, IF(TODAY() > _xlpm.e, 1, IF(TODAY() < _xlpm.s, 0, (TODAY() - _xlpm.s) / (_xlpm.e - _xlpm.s))))))} -> 1 | I2: Jan | M2: Feb | Q2: Mar | V2: Apr | Z2: May | AD2: Jun | AI2: Jul | AM2: Aug | AR2: Sep | AV2: Oct | AZ2: Nov | BE2: Dec
A3: Varience | B3: =IF(B1<B2,"behide","advance") -> behide | I3: 1 | J3: 1 | K3: 1 | L3: 1 | M3: 2 | N3: 2 | O3: 2 | P3: 2 | Q3: 3 | R3: 3 | S3: 3 | T3: 3 | U3: 3 | V3: 4 | W3: 4 | X3: 4 | Y3: 4 | Z3: 5 | AA3: 5 | AB3: 5 | AC3: 5 | AD3: 6 | AE3: 6 | AF3: 6 | AG3: 6 | AH3: 6 | AI3: 7 | AJ3: 7 | AK3: 7 | AL3: 7 | AM3: 8 | AN3: 8 | AO3: 8 | AP3: 8 | AQ3: 8 | AR3: 9 | AS3: 9 | AT3: 9 | AU3: 9 | AV3: 10 | AW3: 10 | AX3: 10 | AY3: 10 | AZ3: 11 | BA3: 11 | BB3: 11 | BC3: 11 | BD3: 11 | BE3: 12 | BF3: 12 | BG3: 12 | BH3: 12
I4: =DATE(2026, I$3, I5) -> 46027 | J4: =DATE(2026, J$3, J5) -> 46034 | K4: =DATE(2026, K$3, K5) -> 46041 | L4: =DATE(2026, L$3, L5) -> 46048 | M4: =DATE(2026, M$3, M5) -> 46055 | N4: =DATE(2026, N$3, N5) -> 46062 | O4: =DATE(2026, O$3, O5) -> 46069 | P4: =DATE(2026, P$3, P5) -> 46076 | ... BH4: =DATE(2026, BH$3, BH5) -> 46384
I5: 5 | J5: 12 | K5: 19 | L5: 26 | M5: 2 | N5: 9 | O5: 16 | P5: 23 | Q5: 2 | R5: 9 | S5: 16 | T5: 23 | U5: 30 | V5: 6 | W5: 13 | X5: 20 | Y5: 27 | Z5: 4 | AA5: 11 | AB5: 18 | AC5: 25 | AD5: 1 | AE5: 8 | AF5: 15 | AG5: 22 | AH5: 29 | AI5: 6 | AJ5: 13 | AK5: 20 | AL5: 27 | AM5: 3 | AN5: 10 | AO5: 17 | AP5: 24 | AQ5: 31 | AR5: 7 | AS5: 14 | AT5: 21 | AU5: 28 | AV5: 5 | AW5: 12 | AX5: 19 | AY5: 26 | AZ5: 2 | BA5: 9 | BB5: 16 | BC5: 23 | BD5: 30 | BE5: 7 | BF5: 14 | BG5: 21 | BH5: 28
A6: module | B6: feature | C6: story id | D6: start | E6: end | F6: sprint no. | G6: % plan | H6: % actual
A7: MVP1 | D7: 46027 | E7: 46108 | H7: 1
B8: User Authentication | D8: 46027 | E8: 46052 | G8: 1 | H8: 1
C9: S1: Login/Signup | D9: 46027 | E9: 46038 | F9: Sprint 1 | G9: =IF(TODAY() > E9, 1, IF(TODAY() < D9, 0, (TODAY() - D9) / (E9 - D9))) -> 1 | H9: 1
C10: S1: Login/Signup | D10: 46027 | E10: 46038 | F10: Sprint 1 | G10: =IF(TODAY() > E10, 1, IF(TODAY() < D10, 0, (TODAY() - D10) / (E10 - D10))) -> 1 | H10: 1
C11: S2: Profile Management | D11: 46041 | E11: 46052 | F11: Sprint 2 | G11: =IF(TODAY() > E11, 1, IF(TODAY() < D11, 0, (TODAY() - D11) / (E11 - D11))) -> 1 | H11: 1
B12: Task Management | D12: 46055 | E12: 46108 | G12: 0.49 | H12: 0.5
C13: S1: Create/Edit Tasks | D13: 46055 | E13: 46066 | F13: Sprint 3 | G13: =IF(TODAY() > E13, 1, IF(TODAY() < D13, 0, (TODAY() - D13) / (E13 - D13))) -> 1 | H13: 0.5
C14: S2: Priority Labeling | D14: 46069 | E14: 46080 | F14: Sprint 4 | G14: =IF(TODAY() > E14, 1, IF(TODAY() < D14, 0, (TODAY() - D14) / (E14 - D14))) -> 1 | H14: 0.5
C15: S3: Due Date Reminders | D15: 46083 | E15: 46094 | F15: Sprint 5 | G15: =IF(TODAY() > E15, 1, IF(TODAY() < D15, 0, (TODAY() - D15) / (E15 - D15))) -> 1 | H15: 0.5
C16: S4: Task Archiving | D16: 46097 | E16: 46108 | F16: Sprint 6 | G16: =IF(TODAY() > E16, 1, IF(TODAY() < D16, 0, (TODAY() - D16) / (E16 - D16))) -> 1 | H16: 0.5
A17: MVP2 | D17: 46118 | E17: 46199
B18: Calendar Integration | D18: 46118 | E18: 46157
C19: S1: Sync Google/Outlook | D19: 46118 | E19: 46129 | F19: Sprint 7 | G19: =IF(TODAY() > E19, 1, IF(TODAY() < D19, 0, (TODAY() - D19) / (E19 - D19))) -> 1 | H19: 1
C20: S2: Drag-and-Drop Scheduling | D20: 46132 | E20: 46143 | F20: Sprint 8 | G20: =IF(TODAY() > E20, 1, IF(TODAY() < D20, 0, (TODAY() - D20) / (E20 - D20))) -> 1 | H20: 1
C21: S3: Conflict Detection | D21: 46146 | E21: 46157 | F21: Sprint 9 | G21: =IF(TODAY() > E21, 1, IF(TODAY() < D21, 0, (TODAY() - D21) / (E21 - D21))) -> 1 | H21: 0.09
B22: Progress Tracking | D22: 46160 | E22: 46199
C23: S1: Daily Progress Dashboard | D23: 46160 | E23: 46171 | F23: Sprint 10 | G23: =IF(TODAY() > E23, 1, IF(TODAY() < D23, 0, (TODAY() - D23) / (E23 - D23))) -> 1 | H23: 0
C24: S2: Weekly Productivity Reports | D24: 46174 | E24: 46185 | F24: Sprint 11 | G24: =IF(TODAY() > E24, 1, IF(TODAY() < D24, 0, (TODAY() - D24) / (E24 - D24))) -> 1 | H24: 0
C25: S3: Streak/Gamification | D25: 46188 | E25: 46199 | F25: Sprint 12 | G25: =IF(TODAY() > E25, 1, IF(TODAY() < D25, 0, (TODAY() - D25) / (E25 - D25))) -> 1 | H25: 0

Sheet Master Plan V1
A1: Project Actual: | B1: =AVERAGE(H6, H14) -> 0.88625
A2: Project Plan: | B2: =AVERAGEIF(A6:A30, "MVP*", G6:G30) -> 1
A5: Module / Feature | B5: Task / Story ID | C5: Start | D5: End | E5: Sprint | F5: Health | G5: % Plan | H5: % Actual
A6: MVP1: ASM | C6: 46027 | D6: 46108 | E6: Ongoing | F6: Green | G6: =AVERAGE(G7, G11) -> 1 | H6: =AVERAGE(H8:H10, H12:H13,H16:H18) -> 0.88625
A7: CMMS | C7: 46027 | D7: 46052 | F7: Green | G7: =AVERAGE(G8:G10) -> 1
B8: S1: Login/Signup | C8: 46027 | D8: 46038 | E8: Sprint 1 | G8: =IF(TODAY() > D8, 1, IF(TODAY() < C8, 0, (TODAY() - C8) / (D8 - C8))) -> 1 | H8: 1
B9: S2: Home Page | C9: 46027 | D9: 46038 | E9: Sprint 1 | G9: =IF(TODAY() > D9, 1, IF(TODAY() < C9, 0, (TODAY() - C9) / (D9 - C9))) -> 1 | H9: 1
B10: S3: Profile Management | C10: 46041 | D10: 46052 | E10: Sprint 2 | G10: =IF(TODAY() > D10, 1, IF(TODAY() < C10, 0, (TODAY() - C10) / (D10 - C10))) -> 1 | H10: 1
A11: AI | C11: 46055 | D11: 46108 | F11: Green | G11: =AVERAGE(G12:G13) -> 1
B12: S1: Create/Edit Tasks | C12: 46055 | D12: 46066 | E12: Sprint 3 | G12: =IF(TODAY() > D12, 1, IF(TODAY() < C12, 0, (TODAY() - C12) / (D12 - C12))) -> 1 | H12: 1
B13: S2: Priority Labeling | C13: 46069 | D13: 46080 | E13: Sprint 4 | G13: =IF(TODAY() > D13, 1, IF(TODAY() < C13, 0, (TODAY() - C13) / (D13 - C13))) -> 1 | H13: 1
A14: MVP2: RCA | C14: 46118 | D14: 46199 | E14: Upcoming | F14: Green | G14: =AVERAGE(G15) -> 1
A15: Case creation - Create/Edit Analysis | C15: 46118 | D15: 46157 | F15: Green | G15: =AVERAGE(G16:G18) -> 1
B16: S1: Sync Google/Outlook | C16: 46118 | D16: 46129 | E16: Sprint 7 | G16: =IF(TODAY() > D16, 1, IF(TODAY() < C16, 0, (TODAY() - C16) / (D16 - C16))) -> 1 | H16: 1
B17: S2: Drag-and-Drop | C17: 46132 | D17: 46143 | E17: Sprint 8 | G17: =IF(TODAY() > D17, 1, IF(TODAY() < C17, 0, (TODAY() - C17) / (D17 - C17))) -> 1 | H17: 1
B18: S3: Conflict Detection | C18: 46146 | D18: 46157 | E18: Sprint 9 | G18: =IF(TODAY() > D18, 1, IF(TODAY() < C18, 0, (TODAY() - C18) / (D18 - C18))) -> 1 | H18: 0.09

Sheet Master Plan V2
A1: Project Actual: | B1: =AVERAGEIF(A6:A18, "MVP*", H6:H18) -> 0.84833333
A2: Project Plan: | B2: =AVERAGEIF(A6:A18, "MVP*", G6:G18) -> 1
A5: Module / Feature | B5: Task / Story ID | C5: Start | D5: End | E5: Sprint | F5: Health | G5: % Plan | H5: % Actual
A6: MVP1: ASM | C6: 46027 | D6: 46108 | E6: Ongoing | F6: Green | G6: =AVERAGE(G7, G11) -> 1 | H6: =AVERAGE(H7, H11) -> 1
A7: CMMS | C7: 46027 | D7: 46052 | F7: Green | G7: =AVERAGE(G8:G10) -> 1 | H7: =AVERAGE(H8:H10) -> 1
B8: S1: Login/Signup | C8: 46027 | D8: 46038 | E8: Sprint 1 | G8: =IF(TODAY() > D8, 1, IF(TODAY() < C8, 0, (TODAY() - C8) / (D8 - C8))) -> 1 | H8: 1
B9: S2: Home Page | C9: 46027 | D9: 46038 | E9: Sprint 1 | G9: =IF(TODAY() > D9, 1, IF(TODAY() < C9, 0, (TODAY() - C9) / (D9 - C9))) -> 1 | H9: 1
B10: S3: Profile Management | C10: 46041 | D10: 46052 | E10: Sprint 2 | G10: =IF(TODAY() > D10, 1, IF(TODAY() < C10, 0, (TODAY() - C10) / (D10 - C10))) -> 1 | H10: 1
A11: AI | C11: 46055 | D11: 46108 | F11: Green | G11: =AVERAGE(G12:G13) -> 1 | H11: =AVERAGE(H12:H13) -> 1
B12: S1: Create/Edit Tasks | C12: 46055 | D12: 46066 | E12: Sprint 3 | G12: =IF(TODAY() > D12, 1, IF(TODAY() < C12, 0, (TODAY() - C12) / (D12 - C12))) -> 1 | H12: 1
B13: S2: Priority Labeling | C13: 46069 | D13: 46080 | E13: Sprint 4 | G13: =IF(TODAY() > D13, 1, IF(TODAY() < C13, 0, (TODAY() - C13) / (D13 - C13))) -> 1 | H13: 1
A14: MVP2: RCA | C14: 46118 | D14: 46199 | E14: Upcoming | F14: Green | G14: =AVERAGE(G15) -> 1 | H14: =AVERAGE(H15) -> 0.69666667
A15: Case creation - Create/Edit Analysis | C15: 46118 | D15: 46157 | F15: Green | G15: =AVERAGE(G16:G18) -> 1 | H15: =AVERAGE(H16:H18) -> 0.69666667
B16: S1: Sync Google/Outlook | C16: 46118 | D16: 46129 | E16: Sprint 7 | G16: =IF(TODAY() > D16, 1, IF(TODAY() < C16, 0, (TODAY() - C16) / (D16 - C16))) -> 1 | H16: 1
B17: S2: Drag-and-Drop | C17: 46132 | D17: 46143 | E17: Sprint 8 | G17: =IF(TODAY() > D17, 1, IF(TODAY() < C17, 0, (TODAY() - C17) / (D17 - C17))) -> 1 | H17: 1
B18: S3: Conflict Detection | C18: 46146 | D18: 46157 | E18: Sprint 9 | G18: =IF(TODAY() > D18, 1, IF(TODAY() < C18, 0, (TODAY() - C18) / (D18 - C18))) -> 1 | H18: 0.09

Sheet master Plan V3
A1: Project Actual: | B1: =AVERAGEIF(A7:A19, "MVP*", H7:H19) -> 0.84833333 | D1: Project start | E1: 46027 | I1: Year 2026
A2: Project Plan: | B2: =AVERAGEIF(A7:A19, "MVP*", G7:G19) -> 1 | I2: Jan | M2: Feb | Q2: Mar | V2: Apr | Z2: May | AD2: Jun | AI2: Jul | AM2: Aug | AR2: Sep | AV2: Oct | AZ2: Nov | BE2: Dec
I3: 1 | J3: 1 | K3: 1 | L3: 1 | M3: 2 | N3: 2 | O3: 2 | P3: 2 | Q3: 3 | R3: 3 | S3: 3 | T3: 3 | U3: 3 | V3: 4 | W3: 4 | X3: 4 | Y3: 4 | Z3: 5 | AA3: 5 | AB3: 5 | AC3: 5 | AD3: 6 | AE3: 6 | AF3: 6 | AG3: 6 | AH3: 6 | AI3: 7 | AJ3: 7 | AK3: 7 | AL3: 7 | AM3: 8 | AN3: 8 | AO3: 8 | AP3: 8 | AQ3: 8 | AR3: 9 | AS3: 9 | AT3: 9 | AU3: 9 | AV3: 10 | AW3: 10 | AX3: 10 | AY3: 10 | AZ3: 11 | BA3: 11 | BB3: 11 | BC3: 11 | BD3: 11 | BE3: 12 | BF3: 12 | BG3: 12 | BH3: 12
I4: =DATE(2026, I$3, I6) -> 46027 | J4: =DATE(2026, J$3, J6) -> 46034 | K4: =DATE(2026, K$3, K6) -> 46041 | L4: =DATE(2026, L$3, L6) -> 46048 | M4: =DATE(2026, M$3, M6) -> 46055 | N4: =DATE(2026, N$3, N6) -> 46062 | O4: =DATE(2026, O$3, O6) -> 46069 | P4: =DATE(2026, P$3, P6) -> 46076 | ... BH4: =DATE(2026, BH$3, BH6) -> 46384
I5: sp18 | J5: sp19 | L5: sp20 | N5: sp21 | P5: sp22 | R5: sp23 | T5: sp24 | V5: sp25 | X5: sp26 | Z5: sp27 | AB5: sp28 | AD5: sp29 | AF5: sp30 | AH5: sp31 | AJ5: sp32 | AL5: sp33 | AN5: sp34 | AP5: sp35 | AR5: sp36 | AT5: sp37 | AV5: sp38 | AX5: sp39 | AZ5: sp40 | BB5: sp41 | BD5: sp42 | BF5: sp43
A6: Module / Feature | B6: Task / Story ID | C6: Start | D6: End | E6: Sprint | F6: Health | G6: % Plan | H6: % Actual | I6: 5 | J6: 12 | K6: 19 | L6: 26 | M6: 2 | N6: 9 | O6: 16 | P6: 23 | Q6: 2 | R6: 9 | S6: 16 | T6: 23 | U6: 30 | V6: 6 | W6: 13 | X6: 20 | Y6: 27 | Z6: 4 | AA6: 11 | AB6: 18 | AC6: 25 | AD6: 1 | AE6: 8 | AF6: 15 | AG6: 22 | AH6: 29 | AI6: 6 | AJ6: 13 | AK6: 20 | AL6: 27 | AM6: 3 | AN6: 10 | AO6: 17 | AP6: 24 | AQ6: 31 | AR6: 7 | AS6: 14 | AT6: 21 | AU6: 28 | AV6: 5 | AW6: 12 | AX6: 19 | AY6: 26 | AZ6: 2 | BA6: 9 | BB6: 16 | BC6: 23 | BD6: 30 | BE6: 7 | BF6: 14 | BG6: 21 | BH6: 28
A7: MVP1: ASM | C7: 46027 | D7: 46108 | F7: Green | G7: =AVERAGE(G8, G12) -> 1 | H7: =AVERAGE(H8, H12) -> 1
A8: CMMS | C8: 46027 | D8: 46052 | F8: Green | G8: =AVERAGE(G9:G11) -> 1 | H8: =AVERAGE(H9:H11) -> 1
B9: S1: Login/Signup | C9: 46027 | D9: 46039 | E9: Sprint 1 | G9: =IF(TODAY() > D9, 1, IF(TODAY() < C9, 0, (TODAY() - C9) / (D9 - C9))) -> 1 | H9: 1
B10: S2: Home Page | C10: 46027 | D10: 46038 | E10: Sprint 1 | G10: =IF(TODAY() > D10, 1, IF(TODAY() < C10, 0, (TODAY() - C10) / (D10 - C10))) -> 1 | H10: 1
B11: S3: Profile Management | C11: 46041 | D11: 46052 | E11: Sprint 2 | G11: =IF(TODAY() > D11, 1, IF(TODAY() < C11, 0, (TODAY() - C11) / (D11 - C11))) -> 1 | H11: 1
A12: AI | C12: 46055 | D12: 46108 | F12: Green | G12: =AVERAGE(G13:G14) -> 1 | H12: =AVERAGE(H13:H14) -> 1
B13: S1: Create/Edit Tasks | C13: 46055 | D13: 46066 | E13: Sprint 3 | G13: =IF(TODAY() > D13, 1, IF(TODAY() < C13, 0, (TODAY() - C13) / (D13 - C13))) -> 1 | H13: 1
B14: S2: Priority Labeling | C14: 46069 | D14: 46080 | E14: Sprint 4 | G14: =IF(TODAY() > D14, 1, IF(TODAY() < C14, 0, (TODAY() - C14) / (D14 - C14))) -> 1 | H14: 1
A15: MVP2: RCA | C15: 46118 | D15: 46199 | F15: Green | G15: =AVERAGE(G16) -> 1 | H15: =AVERAGE(H16) -> 0.69666667
A16: Case creation - Create/Edit Analysis | C16: 46118 | D16: 46157 | F16: Green | G16: =AVERAGE(G17:G19) -> 1 | H16: =AVERAGE(H17:H19) -> 0.69666667
B17: S1: Sync Google/Outlook | C17: 46118 | D17: 46129 | E17: Sprint 7 | G17: =IF(TODAY() > D17, 1, IF(TODAY() < C17, 0, (TODAY() - C17) / (D17 - C17))) -> 1 | H17: 1
B18: S2: Drag-and-Drop | C18: 46132 | D18: 46143 | E18: Sprint 8 | G18: =IF(TODAY() > D18, 1, IF(TODAY() < C18, 0, (TODAY() - C18) / (D18 - C18))) -> 1 | H18: 1
B19: S3: Conflict Detection | C19: 46146 | D19: 46157 | E19: Sprint 9 | G19: =IF(TODAY() > D19, 1, IF(TODAY() < C19, 0, (TODAY() - C19) / (D19 - C19))) -> 1 | H19: 0.09

Sheet master plan V4
A1: Project Actual: | B1: =AVERAGEIF(A7:A19, "MVP*", H7:H19) -> 0.85 | D1: Project start | E1: 46027 | I1: Year 2026
A2: Project Plan: | B2: =AVERAGEIF(A7:A19, "MVP*", G7:G19) -> 1 | I2: Jan | M2: Feb | Q2: Mar | V2: Apr | Z2: May | AD2: Jun | AI2: Jul | AM2: Aug | AR2: Sep | AV2: Oct | AZ2: Nov | BE2: Dec
I3: 1 | J3: 1 | K3: 1 | L3: 1 | M3: 2 | N3: 2 | O3: 2 | P3: 2 | Q3: 3 | R3: 3 | S3: 3 | T3: 3 | U3: 3 | V3: 4 | W3: 4 | X3: 4 | Y3: 4 | Z3: 5 | AA3: 5 | AB3: 5 | AC3: 5 | AD3: 6 | AE3: 6 | AF3: 6 | AG3: 6 | AH3: 6 | AI3: 7 | AJ3: 7 | AK3: 7 | AL3: 7 | AM3: 8 | AN3: 8 | AO3: 8 | AP3: 8 | AQ3: 8 | AR3: 9 | AS3: 9 | AT3: 9 | AU3: 9 | AV3: 10 | AW3: 10 | AX3: 10 | AY3: 10 | AZ3: 11 | BA3: 11 | BB3: 11 | BC3: 11 | BD3: 11 | BE3: 12 | BF3: 12 | BG3: 12 | BH3: 12
I4: =DATE(2026, I$3, I6) -> 46027 | J4: =DATE(2026, J$3, J6) -> 46034 | K4: =DATE(2026, K$3, K6) -> 46041 | L4: =DATE(2026, L$3, L6) -> 46048 | M4: =DATE(2026, M$3, M6) -> 46055 | N4: =DATE(2026, N$3, N6) -> 46062 | O4: =DATE(2026, O$3, O6) -> 46069 | P4: =DATE(2026, P$3, P6) -> 46076 | ... BH4: =DATE(2026, BH$3, BH6) -> 46384
I5: sp18 | J5: sp19 | L5: sp20 | N5: sp21 | P5: sp22 | R5: sp23 | T5: sp24 | V5: sp25 | X5: sp26 | Z5: sp27 | AB5: sp28 | AD5: sp29 | AF5: sp30 | AH5: sp31 | AJ5: sp32 | AL5: sp33 | AN5: sp34 | AP5: sp35 | AR5: sp36 | AT5: sp37 | AV5: sp38 | AX5: sp39 | AZ5: sp40 | BB5: sp41 | BD5: sp42 | BF5: sp43
A6: Module / Feature | B6: Task / Story ID | C6: Start | D6: End | E6: Sprint | F6: Health | G6: % Plan | H6: % Actual | I6: 5 | J6: 12 | K6: 19 | L6: 26 | M6: 2 | N6: 9 | O6: 16 | P6: 23 | Q6: 2 | R6: 9 | S6: 16 | T6: 23 | U6: 30 | V6: 6 | W6: 13 | X6: 20 | Y6: 27 | Z6: 4 | AA6: 11 | AB6: 18 | AC6: 25 | AD6: 1 | AE6: 8 | AF6: 15 | AG6: 22 | AH6: 29 | AI6: 6 | AJ6: 13 | AK6: 20 | AL6: 27 | AM6: 3 | AN6: 10 | AO6: 17 | AP6: 24 | AQ6: 31 | AR6: 7 | AS6: 14 | AT6: 21 | AU6: 28 | AV6: 5 | AW6: 12 | AX6: 19 | AY6: 26 | AZ6: 2 | BA6: 9 | BB6: 16 | BC6: 23 | BD6: 30 | BE6: 7 | BF6: 14 | BG6: 21 | BH6: 28
A7: MVP1: ASM | C7: 46027 | D7: 46108 | F7: Category | G7: =AVERAGE(G8, G12) -> 1 | H7: =AVERAGE(H8, H12) -> 1
A8: CMMS | C8: 46027 | D8: 46052 | G8: =AVERAGE(G9:G11) -> 1 | H8: =AVERAGE(H9:H11) -> 1
B9: S1: Login/Signup | C9: 46027 | D9: 46039 | E9: Sprint 1 | G9: =IF(TODAY() > D9, 1, IF(TODAY() < C9, 0, (TODAY() - C9) / (D9 - C9))) -> 1 | H9: 1
B10: S2: Home Page | C10: 46027 | D10: 46038 | E10: Sprint 1 | G10: =IF(TODAY() > D10, 1, IF(TODAY() < C10, 0, (TODAY() - C10) / (D10 - C10))) -> 1 | H10: 1
B11: S3: Profile Management | C11: 46041 | D11: 46052 | E11: Sprint 2 | G11: =IF(TODAY() > D11, 1, IF(TODAY() < C11, 0, (TODAY() - C11) / (D11 - C11))) -> 1 | H11: 1
A12: AI | C12: 46055 | D12: 46108 | G12: =AVERAGE(G13:G14) -> 1 | H12: =AVERAGE(H13:H14) -> 1
B13: S1: Create/Edit Tasks | C13: 46055 | D13: 46066 | E13: Sprint 3 | G13: =IF(TODAY() > D13, 1, IF(TODAY() < C13, 0, (TODAY() - C13) / (D13 - C13))) -> 1 | H13: 1
B14: S2: Priority Labeling | C14: 46069 | D14: 46080 | E14: Sprint 4 | G14: =IF(TODAY() > D14, 1, IF(TODAY() < C14, 0, (TODAY() - C14) / (D14 - C14))) -> 1 | H14: 1
A15: MVP2: RCA | C15: 46118 | D15: 46199 | G15: =AVERAGE(G16) -> 1 | H15: =AVERAGE(H16) -> 0.7
A16: Case creation - Create/Edit Analysis | C16: 46118 | D16: 46157 | G16: =AVERAGE(G17:G19) -> 1 | H16: =AVERAGE(H17:H19) -> 0.7
B17: [Improvement][ASM][AssetStrategy] Table List - Searching and Sorting field Unmitigated Matrix, Mitigated Matrix | C17: 46118 | D17: 46129 | E17: Sprint 7 | G17: =IF(TODAY() > D17, 1, IF(TODAY() < C17, 0, (TODAY() - C17) / (D17 - C17))) -> 1 | H17: 1
B18: [ASM][AssetStrategy][Revisions] Revision Details - Strategy Summary - Tab Summary | C18: 46132 | D18: 46143 | E18: Sprint 8 | G18: =IF(TODAY() > D18, 1, IF(TODAY() < C18, 0, (TODAY() - C18) / (D18 - C18))) -> 1 | H18: 1
B19: [ASM][AssetStrategy][Revisions] Revision Details - Strategy Summary - Tab Details | C19: 46146 | D19: 46157 | E19: Sprint 9 | G19: =IF(TODAY() > D19, 1, IF(TODAY() < C19, 0, (TODAY() - C19) / (D19 - C19))) -> 1 | H19: 0.1
A20: Additional Requirement | C20: 46118 | D20: 46157
B21: [Improvement][ASM][AssetStrategy] Table List - Searching and Sorting field Unmitigated Matrix, Mitigated Matrix | C21: 46132 | D21: 46143 | E21: Sprint 1 | G21: =IF(TODAY() > D21, 1, IF(TODAY() < C21, 0, (TODAY() - C21) / (D21 - C21))) -> 1 | H21: 1
B22: [ASM][AssetStrategy][Revisions] Revision Details - Strategy Summary - Tab Summary | C22: 46146 | D22: 46157 | E22: Sprint 1 | G22: =IF(TODAY() > D22, 1, IF(TODAY() < C22, 0, (TODAY() - C22) / (D22 - C22))) -> 1 | H22: 1
B23: [ASM][AssetStrategy][Revisions] Revision Details - Strategy Summary - Tab Details | C23: 46132 | D23: 46143 | E23: Sprint 2 | G23: =IF(TODAY() > D23, 1, IF(TODAY() < C23, 0, (TODAY() - C23) / (D23 - C23))) -> 1 | H23: 0
B24: [ASM][AssetStrategy][Revisions] Revision Details - Strategy Summary - Tab Details | C24: 46176 | D24: 46203 | E24: Sprint 9 | G24: =IF(TODAY() > D24, 1, IF(TODAY() < C24, 0, (TODAY() - C24) / (D24 - C24))) -> 1 | H24: 0.1

Sheet master plan V5
A1: Project Plan: | B1: =AVERAGE(G8:G14) -> 1 | C1: Project start: | D1: 46027
A2: Project Actual: | B2: =AVERAGE(H8,H9,H12,H13,H14) -> 0.93333333 | C2: Project end: | D2: 46157 | J2: Year 2026
J3: Jan | N3: Feb | R3: Mar | W3: Apr | AA3: May | AE3: Jun | AJ3: Jul | AN3: Aug | AS3: Sep | AW3: Oct | BA3: Nov | BF3: Dec
J4: 5 | K4: 12 | L4: 19 | M4: 26 | N4: 2 | O4: 9 | P4: 16 | Q4: 23 | R4: 2 | S4: 9 | T4: 16 | U4: 23 | V4: 30 | W4: 6 | X4: 13 | Y4: 20 | Z4: 27 | AA4: 4 | AB4: 11 | AC4: 18 | AD4: 25 | AE4: 1 | AF4: 8 | AG4: 15 | AH4: 22 | AI4: 29 | AJ4: 6 | AK4: 13 | AL4: 20 | AM4: 27 | AN4: 3 | AO4: 10 | AP4: 17 | AQ4: 24 | AR4: 31 | AS4: 7 | AT4: 14 | AU4: 21 | AV4: 28 | AW4: 5 | AX4: 12 | AY4: 19 | AZ4: 26 | BA4: 2 | BB4: 9 | BC4: 16 | BD4: 23 | BE4: 30 | BF4: 7 | BG4: 14 | BH4: 21 | BI4: 28
J5: W1 | K5: W2 | L5: W3 | M5: W4 | N5: W5 | O5: W6 | P5: W7 | Q5: W8 | R5: W9 | S5: W10 | T5: W11 | U5: W12 | V5: W13 | W5: W14 | X5: W15 | Y5: W16 | Z5: W17 | AA5: W18 | AB5: W19 | AC5: W20 | AD5: W21 | AE5: W22 | AF5: W23 | AG5: W24 | AH5: W25 | AI5: W26 | AJ5: W27 | AK5: W28 | AL5: W29 | AM5: W30 | AN5: W31 | AO5: W32 | AP5: W33 | AQ5: W34 | AR5: W35 | AS5: W36 | AT5: W37 | AU5: W38 | AV5: W39 | AW5: W40 | AX5: W41 | AY5: W42 | AZ5: W43 | BA5: W44 | BB5: W45 | BC5: W46 | BD5: W47 | BE5: W48 | BF5: W49 | BG5: W50 | BH5: W51 | BI5: W52
A6: Module | B6: Feature | C6: Start | D6: End | E6: Sprint | F6: Working Day | G6: % Plan | H6: % Actual | I6: status | J6: sp18 | K6: sp19 | M6: sp20 | O6: sp21 | Q6: sp22 | S6: sp23 | U6: sp24 | W6: sp25 | Y6: sp26 | AA6: sp27 | AC6: sp28 | AE6: sp29 | AG6: sp30 | AI6: sp31 | AK6: sp32 | AM6: sp33 | AO6: sp34 | AQ6: sp35 | AS6: sp36 | AU6: sp37 | AW6: sp38 | AY6: sp39 | BA6: sp40 | BC6: sp41 | BE6: sp42 | BG6: sp43 | BI6: sp44
A7: MVP1: ASM
B8: feature a | C8: 46027 | D8: 46045 | E8: 18-19 | F8: =NETWORKDAYS(C8, D8, holiday!$A$2:$A$18) -> 15 | G8: =MIN(1, MAX(0, NETWORKDAYS(C8, TODAY(), holiday!$A$2:$A$18) / F8)) -> 1 | H8: =COUNTIFS('Requirement Baseline v5'!B:B,B8,'Requirement Baseline v5'!E:E,1)/COUNTIF('Requirement Baseline v5'!B:B,'master plan V5'!B8) -> 1 | I8: completed
B9: feature b | C9: 46048 | D9: 46073 | E9: 20-21 | F9: =NETWORKDAYS(C9, D9, holiday!$A$2:$A$18) -> 20 | G9: =MIN(1, MAX(0, NETWORKDAYS(C9, TODAY(), holiday!$A$2:$A$18) / F9)) -> 1 | H9: =COUNTIFS('Requirement Baseline v5'!B:B,B9,'Requirement Baseline v5'!E:E,1)/COUNTIF('Requirement Baseline v5'!B:B,'master plan V5'!B9) -> 1 | I9: completed
B10: feature c | C10: 46048 | D10: 46073 | E10: 20-21 | F10: =NETWORKDAYS(C10, D10, holiday!$A$2:$A$18) -> 20 | G10: =MIN(1, MAX(0, NETWORKDAYS(C10, TODAY(), holiday!$A$2:$A$18) / F10)) -> 1 | H10: =COUNTIFS('Requirement Baseline v5'!B:B,B10,'Requirement Baseline v5'!E:E,1)/COUNTIF('Requirement Baseline v5'!B:B,'master plan V5'!B10) -> 1 | I10: completed
A11: MVP2: RCA
B12: feature d | C12: 46062 | D12: 46101 | E12: 21-23 | F12: =NETWORKDAYS(C12, D12, holiday!$A$2:$A$18) -> 29 | G12: =MIN(1, MAX(0, NETWORKDAYS(C12, TODAY(), holiday!$A$2:$A$18) / F12)) -> 1 | H12: =COUNTIFS('Requirement Baseline v5'!B:B,B12,'Requirement Baseline v5'!E:E,1)/COUNTIF('Requirement Baseline v5'!B:B,'master plan V5'!B12) -> 1 | I12: completed
B13: feature d | C13: 46104 | D13: 46129 | E13: 23-25 | F13: =NETWORKDAYS(C13, D13, holiday!$A$2:$A$18) -> 16 | G13: =MIN(1, MAX(0, NETWORKDAYS(C13, TODAY(), holiday!$A$2:$A$18) / F13)) -> 1 | H13: =COUNTIFS('Requirement Baseline v5'!B:B,B13,'Requirement Baseline v5'!E:E,1)/COUNTIF('Requirement Baseline v5'!B:B,'master plan V5'!B13) -> 1 | I13: completed
B14: feature e | C14: 46132 | D14: 46157 | E14: 25-26 | F14: =NETWORKDAYS(C14, D14, holiday!$A$2:$A$18) -> 18 | G14: =MIN(1, MAX(0, NETWORKDAYS(C14, TODAY(), holiday!$A$2:$A$18) / F14)) -> 1 | H14: =COUNTIFS('Requirement Baseline v5'!B:B,B14,'Requirement Baseline v5'!E:E,1)/COUNTIF('Requirement Baseline v5'!B:B,'master plan V5'!B14) -> 0.66666667 | I14: in progress

Sheet Requirement Baseline v5
A1: Module | B1: Feature Name | C1: User Story ID | D1: Sprint | E1: Status (1=Done, 0=Progress)
A2: ASM | B2: feature A | C2: us1 | D2: 18 | E2: 1
A3: ASM | B3: feature A | C3: us2 | D3: 18 | E3: 1
A4: ASM | B4: feature A | C4: us3 | D4: 19 | E4: 1
A5: ASM | B5: feature B | C5: us1 | D5: 20 | E5: 1
A6: ASM | B6: feature B | C6: us2 | D6: 21 | E6: 1
A7: ASM | B7: feature B | C7: us3 | D7: 21 | E7: 1
A8: RCA | B8: feature C | C8: us1 | D8: 21 | E8: 1
A9: RCA | B9: feature C | C9: us2 | D9: 22 | E9: 1
A10: RCA | B10: feature C | C10: us3 | D10: 23 | E10: 1
A11: RCA | B11: feature D | C11: us1 | D11: 23 | E11: 1
A12: RCA | B12: feature D | C12: us2 | D12: 24 | E12: 1
A13: RCA | B13: feature D | C13: us3 | D13: 25 | E13: 1
... A16: RCA | B16: feature E | C16: us3 | D16: 26 | E16: 0

Sheet master plan v6
A1: Project Plan: | B1: =AVERAGE(H8, H12, H19, H22) -> 0.44276316 | C1: Project start: | D1: 46027
A2: Project Actual: | B2: =AVERAGE(I8, I12, I19, I22) -> 0.375 | C2: Project end: | D2: =MAX(C8:D24) -> 46381 | K2: Year 2026
C3: Baseline: | D3: =D2 -> 46381 | K3: Jan | O3: Feb | S3: Mar | X3: Apr | AB3: May | AF3: Jun | AK3: Jul | AO3: Aug | AT3: Sep | AX3: Oct | BB3: Nov | BG3: Dec
K4: =D1 -> 46027 | L4: =K4+7 -> 46034 | M4: =L4+7 -> 46041 | N4: =M4+7 -> 46048 | O4: =N4+7 -> 46055 | P4: =O4+7 -> 46062 | Q4: =P4+7 -> 46069 | R4: =Q4+7 -> 46076 | S4: =R4+7 -> 46083 | ... BJ4: =BI4+7 -> 46384
K5: W1 | L5: W2 | M5: W3 | N5: W4 | O5: W5 | P5: W6 | Q5: W7 | R5: W8 | S5: W9 | T5: W10 | U5: W11 | V5: W12 | W5: W13 | X5: W14 | Y5: W15 | Z5: W16 | AA5: W17 | AB5: W18 | AC5: W19 | AD5: W20 | AE5: W21 | AF5: W22 | AG5: W23 | AH5: W24 | AI5: W25 | AJ5: W26 | AK5: W27 | AL5: W28 | AM5: W29 | AN5: W30 | AO5: W31 | AP5: W32 | AQ5: W33 | AR5: W34 | AS5: W35 | AT5: W36 | AU5: W37 | AV5: W38 | AW5: W39 | AX5: W40 | AY5: W41 | AZ5: W42 | BA5: W43 | BB5: W44 | BC5: W45 | BD5: W46 | BE5: W47 | BF5: W48 | BG5: W49 | BH5: W50 | BI5: W51 | BJ5: W52
K6: sp18 | L6: sp19 | N6: sp20 | P6: sp21 | R6: sp22 | T6: sp23 | V6: sp24 | X6: sp25 | Z6: sp26 | AB6: sp27 | AD6: sp28 | AF6: sp29 | AH6: sp30 | AJ6: sp31 | AL6: sp32 | AN6: sp33 | AP6: sp34 | AR6: sp35 | AT6: sp36 | AV6: sp37 | AX6: sp38 | AZ6: sp39 | BB6: sp40 | BD6: sp41 | BF6: sp42 | BH6: sp43 | BJ6: sp44
A7: Module | B7: Feature | C7: Start | D7: End | E7: Sprint | F7: % Weight | G7: Working Day | H7: % Plan | I7: % Actual | J7: status
A8: MVP1: ASM+AI | C8: =MIN(C9:D11) -> 46027 | D8: =MAX(C9:D11) -> 46157 | G8: =SUM(G9:G11) -> 97 | H8: =AVERAGE(H9:H11) -> 1 | I8: =AVERAGE(I9:I11) -> 1
B9: Revision | C9: 46027 | D9: 46045 | E9: 18-19 | F9: 0.75 | G9: =NETWORKDAYS(C9, D9, holiday!$A$2:$A$18) -> 15 | H9: =MIN(1, MAX(0, NETWORKDAYS(C9, TODAY(), holiday!$A$2:$A$18) / G9)) -> 1 | I9: =COUNTIFS('baseline v4'!B:B,B9,'baseline v4'!H:H,1)/COUNTIF('baseline v4'!B:B,'master plan v6'!B9) -> 1 | J9: {=_xlfn.IFS(AND(H9=1, I9=1), "completed", AND(H9=0, I9=0), "not start yet", TRUE, "in progress")} -> completed
B10: CMMS | C10: 46048 | D10: 46157 | E10: 20-27 | F10: 0.91 | G10: =NETWORKDAYS(C10, D10, holiday!$A$2:$A$18) -> 73 | H10: =MIN(1, MAX(0, NETWORKDAYS(C10, TODAY(), holiday!$A$2:$A$18) / G10)) -> 1 | I10: =COUNTIFS('baseline v4'!B:B,B10,'baseline v4'!H:H,1)/COUNTIF('baseline v4'!B:B,'master plan v6'!B10) -> 1 | J10: {=_xlfn.IFS(AND(H10=1, I10=1), "completed", AND(H10=0, I10=0), "not start yet", TRUE, "in progress")} -> completed
B11: AI | C11: 46076 | D11: 46087 | E11: 22 | F11: 0.9 | G11: =NETWORKDAYS(C11, D11, holiday!$A$2:$A$18) -> 9 | H11: =MIN(1, MAX(0, NETWORKDAYS(C11, TODAY(), holiday!$A$2:$A$18) / G11)) -> 1 | I11: =COUNTIFS('baseline v4'!B:B,B11,'baseline v4'!H:H,1)/COUNTIF('baseline v4'!B:B,'master plan v6'!B11) -> 1 | J11: {=_xlfn.IFS(AND(H11=1, I11=1), "completed", AND(H11=0, I11=0), "not start yet", TRUE, "in progress")} -> completed
A12: MVP2: RCA | C12: =MIN(C13:D18) -> 46146 | D12: =MAX(C13:D18) -> 46269 | G12: =SUM(G13:G18) -> 131 | H12: =AVERAGE(H13:H18) -> 0.77105263 | I12: =AVERAGEA(I13:I18) -> 0.5
B13: Case Creation - Create/Edit Analysis | C13: 46146 | D13: 46213 | E13: 27-31 | F13: 0.94 | G13: =NETWORKDAYS(C13, D13, holiday!$A$2:$A$18) -> 47 | H13: =MIN(1, MAX(0, NETWORKDAYS(C13, TODAY(), holiday!$A$2:$A$18) / G13)) -> 1 | I13: =COUNTIFS('baseline v4'!B:B,B13,'baseline v4'!H:H,1)/COUNTIF('baseline v4'!B:B,'master plan v6'!B13) -> 1 | J13: {=_xlfn.IFS(AND(H13=1, I13=1), "completed", AND(H13=0, I13=0), "not start yet", TRUE, "in progress")} -> completed
B14: Case Approval | C14: 46202 | D14: 46227 | E14: 31-32 | F14: 1 | G14: =NETWORKDAYS(C14, D14, holiday!$A$2:$A$18) -> 20 | H14: =MIN(1, MAX(0, NETWORKDAYS(C14, TODAY(), holiday!$A$2:$A$18) / G14)) -> 1 | I14: =COUNTIFS('baseline v4'!B:B,B14,'baseline v4'!H:H,1)/COUNTIF('baseline v4'!B:B,'master plan v6'!B14) -> 1 | J14: {=_xlfn.IFS(AND(H14=1, I14=1), "completed", AND(H14=0, I14=0), "not start yet", TRUE, "in progress")} -> completed
B15: Report | C15: 46216 | D15: 46241 | E15: 32-33 | F15: 0.9 | G15: =NETWORKDAYS(C15, D15, holiday!$A$2:$A$18) -> 18 | H15: =MIN(1, MAX(0, NETWORKDAYS(C15, TODAY(), holiday!$A$2:$A$18) / G15)) -> 1 | I15: =COUNTIFS('baseline v4'!B:B,B15,'baseline v4'!H:H,1)/COUNTIF('baseline v4'!B:B,'master plan v6'!B15) -> 1 | J15: {=_xlfn.IFS(AND(H15=1, I15=1), "completed", AND(H15=0, I15=0), "not start yet", TRUE, "in progress")} -> completed
B16: RCA Dashboard. | C16: 46230 | D16: 46255 | E16: 33-34 | F16: 0.85 | G16: =NETWORKDAYS(C16, D16, holiday!$A$2:$A$18) -> 17 | H16: =MIN(1, MAX(0, NETWORKDAYS(C16, TODAY(), holiday!$A$2:$A$18) / G16)) -> 1 | I16: =COUNTIFS('baseline v4'!B:B,B16,'baseline v4'!H:H,1)/COUNTIF('baseline v4'!B:B,'master plan v6'!B16) -> 0 | J16: {=_xlfn.IFS(AND(H16=1, I16=1), "completed", AND(H16=0, I16=0), "not start yet", TRUE, "in progress")} -> in progress
B17: User Management | C17: 46244 | D17: 46269 | E17: 34-35 | F17: 0.95 | G17: =NETWORKDAYS(C17, D17, holiday!$A$2:$A$18) -> 19 | H17: =MIN(1, MAX(0, NETWORKDAYS(C17, TODAY(), holiday!$A$2:$A$18) / G17)) -> 0.52631579 | I17: =COUNTIFS('baseline v4'!B:B,B17,'baseline v4'!H:H,1)/COUNTIF('baseline v4'!B:B,'master plan v6'!B17) -> 0 | J17: {=_xlfn.IFS(AND(H17=1, I17=1), "completed", AND(H17=0, I17=0), "not start yet", TRUE, "in progress")} -> in progress
B18: Noti Email | C18: 46258 | D18: 46269 | E18: 35 | F18: 1 | G18: =NETWORKDAYS(C18, D18, holiday!$A$2:$A$18) -> 10 | H18: =MIN(1, MAX(0, NETWORKDAYS(C18, TODAY(), holiday!$A$2:$A$18) / G18)) -> 0.1 | I18: =COUNTIFS('baseline v4'!B:B,B18,'baseline v4'!H:H,1)/COUNTIF('baseline v4'!B:B,'master plan v6'!B18) -> 0 | J18: {=_xlfn.IFS(AND(H18=1, I18=1), "completed", AND(H18=0, I18=0), "not start yet", TRUE, "in progress")} -> in progress
A19: UI Improvement | C19: =MIN(C20:D21) -> 46272 | D19: =MAX(C20:D21) -> 46353 | G19: =SUM(G20:G21) -> 58 | H19: =AVERAGE(H20:H21) -> 0 | I19: =AVERAGEA(I20:I21) -> 0
B20: Requirement & Design | C20: 46272 | D20: 46297 | E20: 36-37 | F20: 1 | G20: =NETWORKDAYS(C20, D20, holiday!$A$2:$A$18) -> 20 | H20: =MIN(1, MAX(0, NETWORKDAYS(C20, TODAY(), holiday!$A$2:$A$18) / G20)) -> 0 | I20: =COUNTIFS('baseline v4'!B:B,B20,'baseline v4'!H:H,1)/COUNTIF('baseline v4'!B:B,'master plan v6'!B20) -> 0 | J20: {=_xlfn.IFS(AND(H20=1, I20=1), "completed", AND(H20=0, I20=0), "not start yet", TRUE, "in progress")} -> not start yet
B21: Implementation, Testing, and Deploy | C21: 46300 | D21: 46353 | E21: 38-41 | F21: 1 | G21: =NETWORKDAYS(C21, D21, holiday!$A$2:$A$18) -> 38 | H21: =MIN(1, MAX(0, NETWORKDAYS(C21, TODAY(), holiday!$A$2:$A$18) / G21)) -> 0 | I21: =COUNTIFS('baseline v4'!B:B,B21,'baseline v4'!H:H,1)/COUNTIF('baseline v4'!B:B,'master plan v6'!B21) -> 0 | J21: {=_xlfn.IFS(AND(H21=1, I21=1), "completed", AND(H21=0, I21=0), "not start yet", TRUE, "in progress")} -> not start yet
A22: Handover | C22: =MIN(C23:D24) -> 46356 | D22: =MAX(C23:D26) -> 46381 | G22: =SUM(G23:G24) -> 19 | H22: =AVERAGE(H23:H24) -> 0 | I22: =AVERAGEA(I23:I24) -> 0
B23: Document | C23: 46356 | D23: 46367 | E23: 42 | F23: 1 | G23: =NETWORKDAYS(C23, D23, holiday!$A$2:$A$18) -> 9 | H23: =MIN(1, MAX(0, NETWORKDAYS(C23, TODAY(), holiday!$A$2:$A$18) / G23)) -> 0 | I23: =COUNTIFS('baseline v4'!B:B,B23,'baseline v4'!H:H,1)/COUNTIF('baseline v4'!B:B,'master plan v6'!B23) -> 0 | J23: {=_xlfn.IFS(AND(H23=1, I23=1), "completed", AND(H23=0, I23=0), "not start yet", TRUE, "in progress")} -> not start yet
B24: Knowledge Transfer | C24: 46370 | D24: 46381 | E24: 43 | F24: 1 | G24: =NETWORKDAYS(C24, D24, holiday!$A$2:$A$18) -> 10 | H24: =MIN(1, MAX(0, NETWORKDAYS(C24, TODAY(), holiday!$A$2:$A$18) / G24)) -> 0 | I24: =COUNTIFS('baseline v4'!B:B,B24,'baseline v4'!H:H,1)/COUNTIF('baseline v4'!B:B,'master plan v6'!B24) -> 0 | J24: {=_xlfn.IFS(AND(H24=1, I24=1), "completed", AND(H24=0, I24=0), "not start yet", TRUE, "in progress")} -> not start yet
A27: Assumption:
A28: 1) the project plan based on the requirement baseline sheet "baseline"
A29: 2) additional improvement and scope can be discussed in terms of trade-off OR additional requirement
A30: 3) the actual % is weighted by working days, excluding holidays

Sheet master plan bk1
A1: Project Plan: | B1: =AVERAGE(H:H) -> 0.85430622 | C1: Project start: | D1: 46027 | F1: Baseline | G1: =D2 -> 46269
A2: Project Actual: | B2: =AVERAGE(I:I) -> 0.68181818 | C2: Project end: | D2: =MAX(C8:D18) -> 46269 | K2: Year 2026
C3: total user story: | D3: ='baseline v4'!N47+'baseline v4'!N49 -> 0 | K3: Jan | O3: Feb | S3: Mar | X3: Apr | AB3: May | AF3: Jun | AK3: Jul | AO3: Aug | AT3: Sep | AX3: Oct | BB3: Nov | BG3: Dec
K4: =D1 -> 46027 | L4: =K4+7 -> 46034 | M4: =L4+7 -> 46041 | N4: =M4+7 -> 46048 | O4: =N4+7 -> 46055 | P4: =O4+7 -> 46062 | Q4: =P4+7 -> 46069 | R4: =Q4+7 -> 46076 | S4: =R4+7 -> 46083 | ... BJ4: =BI4+7 -> 46384
K5: W1 | L5: W2 | M5: W3 | N5: W4 | O5: W5 | P5: W6 | Q5: W7 | R5: W8 | S5: W9 | T5: W10 | U5: W11 | V5: W12 | W5: W13 | X5: W14 | Y5: W15 | Z5: W16 | AA5: W17 | AB5: W18 | AC5: W19 | AD5: W20 | AE5: W21 | AF5: W22 | AG5: W23 | AH5: W24 | AI5: W25 | AJ5: W26 | AK5: W27 | AL5: W28 | AM5: W29 | AN5: W30 | AO5: W31 | AP5: W32 | AQ5: W33 | AR5: W34 | AS5: W35 | AT5: W36 | AU5: W37 | AV5: W38 | AW5: W39 | AX5: W40 | AY5: W41 | AZ5: W42 | BA5: W43 | BB5: W44 | BC5: W45 | BD5: W46 | BE5: W47 | BF5: W48 | BG5: W49 | BH5: W50 | BI5: W51 | BJ5: W52
K6: sp18 | L6: sp19 | N6: sp20 | P6: sp21 | R6: sp22 | T6: sp23 | V6: sp24 | X6: sp25 | Z6: sp26 | AB6: sp27 | AD6: sp28 | AF6: sp29 | AH6: sp30 | AJ6: sp31 | AL6: sp32 | AN6: sp33 | AP6: sp34 | AR6: sp35 | AT6: sp36 | AV6: sp37 | AX6: sp38 | AZ6: sp39 | BB6: sp40 | BD6: sp41 | BF6: sp42 | BH6: sp43 | BJ6: sp44
A7: Module | B7: Feature | C7: Start | D7: End | E7: Sprint | F7: % Weight | G7: Working Day | H7: % Plan | I7: % Actual | J7: status
A8: MVP1: ASM+AI | C8: =MIN(C9:D11) -> 46027 | D8: =MAX(C9:D11) -> 46157 | H8: =AVERAGE(H9:H11) -> 1 | I8: =AVERAGE(I9:I11) -> 1
B9: Revision | C9: 46027 | D9: 46045 | E9: 18-19 | F9: 0.75 | G9: =NETWORKDAYS(C9, D9, holiday!$A$2:$A$18) -> 15 | H9: =MIN(1, MAX(0, NETWORKDAYS(C9, TODAY(), holiday!$A$2:$A$18) / G9)) -> 1 | I9: =COUNTIFS('baseline v4'!B:B,B9,'baseline v4'!H:H,1)/COUNTIF('baseline v4'!B:B,'master plan bk1'!B9) -> 1 | J9: completed
B10: CMMS | C10: 46048 | D10: 46157 | E10: 20-27 | F10: 0.91 | G10: =NETWORKDAYS(C10, D10, holiday!$A$2:$A$18) -> 73 | H10: =MIN(1, MAX(0, NETWORKDAYS(C10, TODAY(), holiday!$A$2:$A$18) / G10)) -> 1 | I10: =COUNTIFS('baseline v4'!B:B,B10,'baseline v4'!H:H,1)/COUNTIF('baseline v4'!B:B,'master plan bk1'!B10) -> 1 | J10: completed
B11: AI | C11: 46076 | D11: 46087 | E11: 22 | F11: 0.9 | G11: =NETWORKDAYS(C11, D11, holiday!$A$2:$A$18) -> 9 | H11: =MIN(1, MAX(0, NETWORKDAYS(C11, TODAY(), holiday!$A$2:$A$18) / G11)) -> 1 | I11: =COUNTIFS('baseline v4'!B:B,B11,'baseline v4'!H:H,1)/COUNTIF('baseline v4'!B:B,'master plan bk1'!B11) -> 1 | J11: completed
A12: MVP2: RCA | C12: =MIN(C13:D18) -> 46146 | D12: =MAX(C13:D18) -> 46269 | H12: =AVERAGE(H13:H18) -> 0.77105263 | I12: =AVERAGEA(I13:I18) -> 0.5
B13: Case Creation - Create/Edit Analysis | C13: 46146 | D13: 46213 | E13: 27-31 | F13: 0.94 | G13: =NETWORKDAYS(C13, D13, holiday!$A$2:$A$18) -> 47 | H13: =MIN(1, MAX(0, NETWORKDAYS(C13, TODAY(), holiday!$A$2:$A$18) / G13)) -> 1 | I13: =COUNTIFS('baseline v4'!B:B,B13,'baseline v4'!H:H,1)/COUNTIF('baseline v4'!B:B,'master plan bk1'!B13) -> 1 | J13: completed
B14: Case Approval | C14: 46202 | D14: 46227 | E14: 31-32 | F14: 1 | G14: =NETWORKDAYS(C14, D14, holiday!$A$2:$A$18) -> 20 | H14: =MIN(1, MAX(0, NETWORKDAYS(C14, TODAY(), holiday!$A$2:$A$18) / G14)) -> 1 | I14: =COUNTIFS('baseline v4'!B:B,B14,'baseline v4'!H:H,1)/COUNTIF('baseline v4'!B:B,'master plan bk1'!B14) -> 1 | J14: in progress
B15: Report | C15: 46216 | D15: 46241 | E15: 32-33 | F15: 0.9 | G15: =NETWORKDAYS(C15, D15, holiday!$A$2:$A$18) -> 18 | H15: =MIN(1, MAX(0, NETWORKDAYS(C15, TODAY(), holiday!$A$2:$A$18) / G15)) -> 1 | I15: =COUNTIFS('baseline v4'!B:B,B15,'baseline v4'!H:H,1)/COUNTIF('baseline v4'!B:B,'master plan bk1'!B15) -> 1 | J15: in progress
B16: RCA Dashboard. | C16: 46230 | D16: 46255 | E16: 33-34 | F16: 0.85 | G16: =NETWORKDAYS(C16, D16, holiday!$A$2:$A$18) -> 17 | H16: =MIN(1, MAX(0, NETWORKDAYS(C16, TODAY(), holiday!$A$2:$A$18) / G16)) -> 1 | I16: =COUNTIFS('baseline v4'!B:B,B16,'baseline v4'!H:H,1)/COUNTIF('baseline v4'!B:B,'master plan bk1'!B16) -> 0 | J16: in progress
B17: User Management | C17: 46244 | D17: 46269 | E17: 34-35 | F17: 0.95 | G17: =NETWORKDAYS(C17, D17, holiday!$A$2:$A$18) -> 19 | H17: =MIN(1, MAX(0, NETWORKDAYS(C17, TODAY(), holiday!$A$2:$A$18) / G17)) -> 0.52631579 | I17: =COUNTIFS('baseline v4'!B:B,B17,'baseline v4'!H:H,1)/COUNTIF('baseline v4'!B:B,'master plan bk1'!B17) -> 0 | J17: in progress
B18: Noti Email | C18: 46258 | D18: 46269 | E18: 35 | F18: 1 | G18: =NETWORKDAYS(C18, D18, holiday!$A$2:$A$18) -> 10 | H18: =MIN(1, MAX(0, NETWORKDAYS(C18, TODAY(), holiday!$A$2:$A$18) / G18)) -> 0.1 | I18: =COUNTIFS('baseline v4'!B:B,B18,'baseline v4'!H:H,1)/COUNTIF('baseline v4'!B:B,'master plan bk1'!B18) -> 0 | J18: in progress
A19: UI Improvement | C19: =MIN(C20:D26) -> 0 | D19: =MAX(C20:D26) -> 0
B20: Analysis
B21: Estimation
B22: Implementation
A23: Handover | C23: =MIN(C24:D28) -> 0 | D23: =MAX(C24:D28) -> 0
B24: Documentation
B25: Knowledge transfer

Sheet baseline v4
A1: Module | B1: Feature Name | C1: User Story ID | D1: User Story Description | E1: Sprint | F1: start | G1: end | H1: Status (1=Done, 0=Progress) | I1: Is Baseline | J1: Change Type | K1: Note | M1: Module | Feature | Sprint | T1: Baseline vs change record
A2: asm | B2: revision | C2: EAPM-906 | D2: [Improvement][Home][GeneralDetails] My Tasks - Add checked Group Permission for Waiting for Approval Box. | E2: 18 | F2: =VLOOKUP(E2, sprintday!$A$6:$C$32, 2, FALSE) -> 46027 | G2: =VLOOKUP(E2, sprintday!$A$6:$C$32, 3, FALSE) -> 46031 | H2: 1 | I2: baseline | K2: email noti | M2: Module | N2: Sprint | O2: start | P2: end | Q2: Feature Name | R2: Count of User Story Description | T2: Module | U2: Count of Is Baseline
A3: asm | B3: revision | C3: EAPM-278 | D3: [ASM][AssetStrategy] Email Notification Message - Template 2 (Review) | E3: 18 | F3: =VLOOKUP(E3, sprintday!$A$6:$C$32, 2, FALSE) -> 46027 | G3: =VLOOKUP(E3, sprintday!$A$6:$C$32, 3, FALSE) -> 46031 | H3: 1 | I3: baseline | K3: email noti | M3: asm | R3: 90 | T3: asm | U3: 90
A4: asm | B4: revision | C4: EAPM-923 | D4: [Improvement][ASM][AssetStrategy][RisksAndTasks] Risk Details - Add Description for Failure Impact + Change Field Name | E4: 18 | F4: =VLOOKUP(E4, sprintday!$A$6:$C$32, 2, FALSE) -> 46027 | G4: =VLOOKUP(E4, sprintday!$A$6:$C$32, 3, FALSE) -> 46031 | H4: 1 | I4: baseline | K4: email noti | N4: 18 | O4: 46027 | P4: 46031 | Q4: revision | R4: 8 | T4: handover | U4: 2
A5: asm | B5: revision | C5: EAPM-244 | D5: [Improvement][ASM][AssetStrategy] Strategies Table List V3. - Add column | E5: 18 | F5: =VLOOKUP(E5, sprintday!$A$6:$C$32, 2, FALSE) -> 46027 | G5: =VLOOKUP(E5, sprintday!$A$6:$C$32, 3, FALSE) -> 46031 | H5: 1 | I5: baseline | K5: email noti | N5: 19 | O5: 46034 | P5: 46045 | Q5: revision | R5: 14 | T5: rca | U5: 41
A6: asm | B6: revision | C6: EAPM-922 | D6: [ASM][AssetStrategy] Integrate FDP (GCP) - [BE] | E6: 18 | F6: =VLOOKUP(E6, sprintday!$A$6:$C$32, 2, FALSE) -> 46027 | G6: =VLOOKUP(E6, sprintday!$A$6:$C$32, 3, FALSE) -> 46031 | H6: 1 | I6: baseline | K6: integration | N6: 20 | O6: 46048 | P6: 46059 | Q6: cmms | R6: 14 | T6: ui improvement | U6: 6
A7: asm | B7: revision | C7: EAPM-919 | D7: [Improvement][ASM][AssetStrategy][RisksAndTasks] Risk/Task Panel - Change Icon Yellow Alert to Arrow Icon + Abbreviate Interval + SCE Tag | E7: 18 | F7: =VLOOKUP(E7, sprintday!$A$6:$C$32, 2, FALSE) -> 46027 | G7: =VLOOKUP(E7, sprintday!$A$6:$C$32, 3, FALSE) -> 46031 | H7: 1 | I7: baseline | K7: integration | N7: 21 | O7: 46062 | P7: 46073 | Q7: cmms | R7: 8 | T7: Grand Total | U7: 139
A8: asm | B8: revision | C8: EAPM-882 | D8: [ASM] Apply a consistent design standard to all action buttons. [FE] | E8: 18 | F8: =VLOOKUP(E8, sprintday!$A$6:$C$32, 2, FALSE) -> 46027 | G8: =VLOOKUP(E8, sprintday!$A$6:$C$32, 3, FALSE) -> 46031 | H8: 1 | I8: baseline | K8: integration | N8: 22 | O8: 46076 | P8: 46087 | Q8: ai | R8: 7
A9: asm | B9: revision | C9: EAPM-1071 | D9: [Improvement][ASM][AssetStrategy] All Table List - Change Design the shown numbers as total, select items, filter results | E9: 18 | F9: =VLOOKUP(E9, sprintday!$A$6:$C$32, 2, FALSE) -> 46027 | G9: =VLOOKUP(E9, sprintday!$A$6:$C$32, 3, FALSE) -> 46031 | H9: 1 | I9: baseline | K9: integration | Q9: cmms | R9: 4
A10: asm | B10: revision | C10: EAPM-10 | D10: [ASM][AssetStrategy][Revisions] Revision Details - Strategy Summary - Tab Summary | E10: 19 | F10: =VLOOKUP(E10, sprintday!$A$6:$C$32, 2, FALSE) -> 46034 | G10: =VLOOKUP(E10, sprintday!$A$6:$C$32, 3, FALSE) -> 46045 | H10: 1 | I10: baseline | N10: 23 | O10: 46090 | R10: 7
A11: asm | B11: revision | C11: EAPM-11 | D11: [ASM][AssetStrategy][Revisions] Revision Details - Strategy Summary - Tab Details | E11: 19 | F11: =VLOOKUP(E11, sprintday!$A$6:$C$32, 2, FALSE) -> 46034 | G11: =VLOOKUP(E11, sprintday!$A$6:$C$32, 3, FALSE) -> 46045 | H11: 1 | I11: baseline | N11: 24 | O11: 46104 | P11: 46115 | Q11: cmms | R11: 11
A12: asm | B12: revision | C12: EAPM-7 | D12: [ASM][AssetStrategy][Revisions] Revision Details - Risks and Tasks | E12: 19 | F12: =VLOOKUP(E12, sprintday!$A$6:$C$32, 2, FALSE) -> 46034 | G12: =VLOOKUP(E12, sprintday!$A$6:$C$32, 3, FALSE) -> 46045 | H12: 1 | I12: baseline | N12: 25 | O12: 46118 | P12: 46129 | Q12: cmms | R12: 5
A13: asm | B13: revision | C13: EAPM-25 | D13: [ASM][AssetStrategy][Revisions] Revision Details - Risks Details | E13: 19 | F13: =VLOOKUP(E13, sprintday!$A$6:$C$32, 2, FALSE) -> 46034 | G13: =VLOOKUP(E13, sprintday!$A$6:$C$32, 3, FALSE) -> 46045 | H13: 1 | I13: baseline | N13: 26 | O13: 46132 | P13: 46143 | Q13: cmms | R13: 6
A14: asm | B14: revision | C14: EAPM-26 | D14: [ASM][AssetStrategy][Revisions] Revision Details - Task Details | E14: 19 | F14: =VLOOKUP(E14, sprintday!$A$6:$C$32, 2, FALSE) -> 46034 | G14: =VLOOKUP(E14, sprintday!$A$6:$C$32, 3, FALSE) -> 46045 | H14: 1 | I14: baseline | N14: 27 | O14: 46146 | P14: 46157 | Q14: cmms | R14: 5
A15: asm | B15: revision | C15: EAPM-8 | D15: [ASM][AssetStrategy][Revisions] Revision Details - Risk Analysis | E15: 19 | F15: =VLOOKUP(E15, sprintday!$A$6:$C$32, 2, FALSE) -> 46034 | G15: =VLOOKUP(E15, sprintday!$A$6:$C$32, 3, FALSE) -> 46045 | H15: 1 | I15: baseline | N15: 29 | O15: 46174 | P15: 46185 | Q15: ai | R15: 1
A16: asm | B16: revision | C16: EAPM-9 | D16: [ASM][AssetStrategy][Revisions] Revision Details - Maintenance Plans | E16: 19 | F16: =VLOOKUP(E16, sprintday!$A$6:$C$32, 2, FALSE) -> 46034 | G16: =VLOOKUP(E16, sprintday!$A$6:$C$32, 3, FALSE) -> 46045 | H16: 1 | I16: baseline | M16: rca | R16: 57
A17: asm | B17: revision | C17: EAPM-1255 | D17: [ASM][AssetStrategy] Trigger an update for all data retrieved from GCP. (Location, FDP, Maintenance Plan, ...) | E17: 19 | F17: =VLOOKUP(E17, sprintday!$A$6:$C$32, 2, FALSE) -> 46034 | G17: =VLOOKUP(E17, sprintday!$A$6:$C$32, 3, FALSE) -> 46045 | H17: 1 | I17: baseline | N17: 27 | O17: 46146 | P17: 46157 | Q17: Case creation - Create/Edit Analysis | R17: 6
A18: asm | B18: revision | C18: EAPM-1302 | D18: [Improvement][Home][GeneralDetails] My Task - Apply standard design for table list | E18: 19 | F18: =VLOOKUP(E18, sprintday!$A$6:$C$32, 2, FALSE) -> 46034 | G18: =VLOOKUP(E18, sprintday!$A$6:$C$32, 3, FALSE) -> 46045 | H18: 1 | I18: baseline | N18: 28 | O18: 46160 | P18: 46171 | Q18: Case creation - Create/Edit Analysis | R18: 10
A19: asm | B19: revision | C19: EAPM-1303 | D19: [Improvement][Admin] User Management - Apply standard design for table list | E19: 19 | F19: =VLOOKUP(E19, sprintday!$A$6:$C$32, 2, FALSE) -> 46034 | G19: =VLOOKUP(E19, sprintday!$A$6:$C$32, 3, FALSE) -> 46045 | H19: 1 | I19: baseline | N19: 29 | O19: 46174 | P19: 46185 | Q19: Case creation - Create/Edit Analysis | R19: 7
A20: asm | B20: revision | C20: EAPM-1304 | D20: [Improvement][ASM][AssetStrategy][MaintenancePlan] Maintenance Plan table list - Apply standard design for table list | E20: 19 | F20: =VLOOKUP(E20, sprintday!$A$6:$C$32, 2, FALSE) -> 46034 | G20: =VLOOKUP(E20, sprintday!$A$6:$C$32, 3, FALSE) -> 46045 | H20: 1 | I20: baseline | N20: 30 | O20: 46188 | P20: 46199 | Q20: Case creation - Create/Edit Analysis | R20: 4
A21: asm | B21: revision | C21: EAPM-1392 | D21: [Improvement][ASM][AssetStrategy] Strategy Table list - Apply standard design for table list | E21: 19 | F21: =VLOOKUP(E21, sprintday!$A$6:$C$32, 2, FALSE) -> 46034 | G21: =VLOOKUP(E21, sprintday!$A$6:$C$32, 3, FALSE) -> 46045 | H21: 1 | I21: baseline | N21: 31 | O21: 46202 | P21: 46213 | Q21: case approval | R21: 2
A22: asm | B22: revision | C22: EAPM-1393 | D22: [Improvement][ASM][AssetStrategy][Revision] Revision Table list - Apply standard design for table list | E22: 19 | F22: =VLOOKUP(E22, sprintday!$A$6:$C$32, 2, FALSE) -> 46034 | G22: =VLOOKUP(E22, sprintday!$A$6:$C$32, 3, FALSE) -> 46045 | H22: 1 | I22: baseline | Q22: Case creation - Create/Edit Analysis | R22: 3
A23: asm | B23: revision | C23: EAPM-1394 | D23: [Improvement][ASM][AssetStrategy][Overview] Risk Matrix by Active Strategy Table list - Apply standard design for table list | E23: 19 | F23: =VLOOKUP(E23, sprintday!$A$6:$C$32, 2, FALSE) -> 46034 | G23: =VLOOKUP(E23, sprintday!$A$6:$C$32, 3, FALSE) -> 46045 | H23: 1 | I23: baseline | N23: 32 | O23: 46216 | P23: 46227 | Q23: case approval | R23: 14
A24: asm | B24: cmms | C24: EAPM-1150 | D24: [Improvement][ASM][AssetStrategy] Table List - Searching and Sorting field Unmitigated Matrix, Mitigated Matrix | E24: 20 | F24: =VLOOKUP(E24, sprintday!$A$6:$C$32, 2, FALSE) -> 46048 | G24: =VLOOKUP(E24, sprintday!$A$6:$C$32, 3, FALSE) -> 46059 | H24: 1 | I24: baseline | Q24: Report | R24: 1
A25: asm | B25: cmms | C25: EAPM-349 | D25: [Improvement][ASM][AssetStrategy] Excel Template File V4. #1 | E25: 20 | F25: =VLOOKUP(E25, sprintday!$A$6:$C$32, 2, FALSE) -> 46048 | G25: =VLOOKUP(E25, sprintday!$A$6:$C$32, 3, FALSE) -> 46059 | H25: 1 | I25: baseline | N25: 33 | O25: 46230 | P25: 46241 | Q25: RCA Dashboard. | R25: 2
A26: asm | B26: cmms | C26: EAPM-1309 | D26: [Improvement][ASM][AssetStrategy] Excel Template File V4. #2 | E26: 20 | F26: =VLOOKUP(E26, sprintday!$A$6:$C$32, 2, FALSE) -> 46048 | G26: =VLOOKUP(E26, sprintday!$A$6:$C$32, 3, FALSE) -> 46059 | H26: 1 | I26: baseline | Q26: Report | R26: 1
A27: asm | B27: cmms | C27: EAPM-2000 | D27: [Improvement][ASM][AssetStrategy][MaintenancePlans] Table List - Add dropdown "Work Center" | E27: 20 | F27: =VLOOKUP(E27, sprintday!$A$6:$C$32, 2, FALSE) -> 46048 | G27: =VLOOKUP(E27, sprintday!$A$6:$C$32, 3, FALSE) -> 46059 | H27: 1 | I27: baseline | N27: 34 | O27: 46244 | P27: 46255 | Q27: RCA Dashboard. | R27: 2
A28: asm | B28: cmms | C28: EAPM-1999 | D28: [Improvement][ASM][AssetStrategy][RisksAndTasks] Task Details V3. | E28: 20 | F28: =VLOOKUP(E28, sprintday!$A$6:$C$32, 2, FALSE) -> 46048 | G28: =VLOOKUP(E28, sprintday!$A$6:$C$32, 3, FALSE) -> 46059 | H28: 1 | I28: baseline | Q28: User Management | R28: 1
A29: asm | B29: cmms | C29: EAPM-1585 | D29: [Improvement][FE][ASM][RisksAndTasks] Risk Property - Add more suggestion to 3M, 6M, 12M, 18M, 24M | E29: 20 | F29: =VLOOKUP(E29, sprintday!$A$6:$C$32, 2, FALSE) -> 46048 | G29: =VLOOKUP(E29, sprintday!$A$6:$C$32, 3, FALSE) -> 46059 | H29: 1 | I29: baseline | N29: 35 | O29: 46258 | P29: 46269 | Q29: Noti Email | R29: 2
A30: asm | B30: cmms | C30: EAPM-1883 | D30: [Improvement][ASM][RisksAndTasks] - Risk Detail / Task Detail - Add more suggestion | E30: 20 | F30: =VLOOKUP(E30, sprintday!$A$6:$C$32, 2, FALSE) -> 46048 | G30: =VLOOKUP(E30, sprintday!$A$6:$C$32, 3, FALSE) -> 46059 | H30: 1 | I30: baseline | Q30: User Management | R30: 2
A31: asm | B31: cmms | C31: EAPM-2003 | D31: [Improvement][ASM][AssetStrategy][RisksAndTasks] Risk Details - Change Logic | E31: 20 | F31: =VLOOKUP(E31, sprintday!$A$6:$C$32, 2, FALSE) -> 46048 | G31: =VLOOKUP(E31, sprintday!$A$6:$C$32, 3, FALSE) -> 46059 | H31: 1 | I31: baseline | M31: handover | R31: 2
A32: asm | B32: cmms | C32: EAPM-2006 | D32: [Improvement][ASM][AssetStrategy][RisksAndTasks] Task Details - Set default ROI to "-1" | E32: 20 | F32: =VLOOKUP(E32, sprintday!$A$6:$C$32, 2, FALSE) -> 46048 | G32: =VLOOKUP(E32, sprintday!$A$6:$C$32, 3, FALSE) -> 46059 | H32: 1 | I32: baseline | N32: 42 | O32: 46356 | P32: 46367 | Q32: Document | R32: 1
A33: asm | B33: cmms | C33: EAPM-2004 | D33: [Improvement][ASM][AssetStrategy][SummaryDetails] Change default "Plant Length =20" | E33: 20 | F33: =VLOOKUP(E33, sprintday!$A$6:$C$32, 2, FALSE) -> 46048 | G33: =VLOOKUP(E33, sprintday!$A$6:$C$32, 3, FALSE) -> 46059 | H33: 1 | I33: baseline | N33: 43 | O33: 46370 | P33: 46381 | Q33: Knowledge Transfer | R33: 1
A34: asm | B34: cmms | C34: EAPM-1314 | D34: [ASM][AssetStrategy][MaintenancePlans] Integrate SAP - Mock Test JSON | E34: 20 | F34: =VLOOKUP(E34, sprintday!$A$6:$C$32, 2, FALSE) -> 46048 | G34: =VLOOKUP(E34, sprintday!$A$6:$C$32, 3, FALSE) -> 46059 | H34: 1 | I34: baseline | M34: ui improvement | R34: 6
A35: asm | B35: cmms | C35: EAPM-599 | D35: [ASM][AssetStrategy][MaintenancePlans] Table List - Submit Change Request Flow | E35: 20 | F35: =VLOOKUP(E35, sprintday!$A$6:$C$32, 2, FALSE) -> 46048 | G35: =VLOOKUP(E35, sprintday!$A$6:$C$32, 3, FALSE) -> 46059 | H35: 1 | I35: baseline | N35: 36 | O35: 46272 | P35: 46283 | Q35: Requirement & Design | R35: 1
A36: asm | B36: cmms | C36: EAPM-1305 | D36: [ASM][AssetStrategy][MaintenancePlans] Submit Change Request - Summary Action | E36: 20 | F36: =VLOOKUP(E36, sprintday!$A$6:$C$32, 2, FALSE) -> 46048 | G36: =VLOOKUP(E36, sprintday!$A$6:$C$32, 3, FALSE) -> 46059 | H36: 1 | I36: baseline | N36: 37 | O36: 46286 | P36: 46297 | Q36: Requirement & Design | R36: 1
A37: asm | B37: cmms | C37: EAPM-1799 | D37: [ASM][AssetStrategy][MaintenancePlans] Submit Change Request - Summary Action - Export Excel | E37: 20 | F37: =VLOOKUP(E37, sprintday!$A$6:$C$32, 2, FALSE) -> 46048 | G37: =VLOOKUP(E37, sprintday!$A$6:$C$32, 3, FALSE) -> 46059 | H37: 1 | I37: baseline | N37: 38 | O37: 46300 | P37: 46311 | Q37: Implementation, Testing, and Deploy | R37: 1
A38: asm | B38: cmms | C38: EAPM-2423 | D38: [ASM][AssetStrategy][MaintenancePlans] Integrate SAP - Mock Test JSON #2 | E38: 21 | F38: =VLOOKUP(E38, sprintday!$A$6:$C$32, 2, FALSE) -> 46062 | G38: =VLOOKUP(E38, sprintday!$A$6:$C$32, 3, FALSE) -> 46073 | H38: 1 | I38: baseline | N38: 39 | O38: 46314 | P38: 46325 | Q38: Implementation, Testing, and Deploy | R38: 1
A39: asm | B39: cmms | C39: EAPM-2487 | D39: [Improvement][ASM][AssetStrategy][MaintenancePlan] Converted interval value K = 000H | E39: 21 | F39: =VLOOKUP(E39, sprintday!$A$6:$C$32, 2, FALSE) -> 46062 | G39: =VLOOKUP(E39, sprintday!$A$6:$C$32, 3, FALSE) -> 46073 | H39: 1 | I39: baseline | N39: 40 | O39: 46328 | P39: 46339 | Q39: Implementation, Testing, and Deploy | R39: 1
A40: asm | B40: cmms | C40: EAPM-33 | D40: [ASM][AssetStrategy][MaintenancePlans] Submit Change Request Form - CMMS Change Request Form (RequestInfo) #1 | E40: 21 | F40: =VLOOKUP(E40, sprintday!$A$6:$C$32, 2, FALSE) -> 46062 | G40: =VLOOKUP(E40, sprintday!$A$6:$C$32, 3, FALSE) -> 46073 | H40: 1 | I40: baseline | N40: 41 | O40: 46342 | P40: 46353 | Q40: Implementation, Testing, and Deploy | R40: 1
A41: asm | B41: cmms | C41: EAPM-1306 | D41: [ASM][AssetStrategy][MaintenancePlans] Submit Change Request Form - CMMS Change Request Form (MaintenancePlanItem) #1 | E41: 21 | F41: =VLOOKUP(E41, sprintday!$A$6:$C$32, 2, FALSE) -> 46062 | G41: =VLOOKUP(E41, sprintday!$A$6:$C$32, 3, FALSE) -> 46073 | H41: 1 | I41: baseline | M41: (blank) | R41: 7
A42: asm | B42: cmms | C42: EAPM-1801 | D42: [ASM][AssetStrategy][MaintenancePlans] Submit Change Request Form - CMMS Change Request Form (MaintenancePlanItem) #2 | E42: 21 | F42: =VLOOKUP(E42, sprintday!$A$6:$C$32, 2, FALSE) -> 46062 | G42: =VLOOKUP(E42, sprintday!$A$6:$C$32, 3, FALSE) -> 46073 | H42: 1 | I42: baseline | N42: 30 | O42: 46188 | P42: 46199 | Q42: (blank) | R42: 7
A43: asm | B43: cmms | C43: EAPM-1955 | D43: [ASM][AssetStrategy][MaintenancePlans] Submit Change Request Form - CMMS Change Request Form (MaintenancePlanItem) #3 | E43: 21 | F43: =VLOOKUP(E43, sprintday!$A$6:$C$32, 2, FALSE) -> 46062 | G43: =VLOOKUP(E43, sprintday!$A$6:$C$32, 3, FALSE) -> 46073 | H43: 1 | I43: baseline | M43: Grand Total | R43: 162
A44: asm | B44: cmms | C44: EAPM-1307 | D44: [ASM][AssetStrategy][MaintenancePlans] Submit Change Request Form - CMMS Change Request Form (MaintenancePlanItem) - Add/Duplicate/Delete row | E44: 21 | F44: =VLOOKUP(E44, sprintday!$A$6:$C$32, 2, FALSE) -> 46062 | G44: =VLOOKUP(E44, sprintday!$A$6:$C$32, 3, FALSE) -> 46073 | H44: 1 | I44: baseline
A45: asm | B45: cmms | C45: EAPM-2486 | D45: [Improvement][ASM][AssetStrategy][RisksAndTasks] Scale Bar - Icon U / M | E45: 21 | F45: =VLOOKUP(E45, sprintday!$A$6:$C$32, 2, FALSE) -> 46062 | G45: =VLOOKUP(E45, sprintday!$A$6:$C$32, 3, FALSE) -> 46073 | H45: 1 | I45: baseline
A46: asm | B46: ai | C46: EAPM-1308 | D46: [ASM][AssetStrategy][MaintenancePlans] Submit Change Request Form - CMMS Change Request Form (ObjectList) + Add/Duplicate/Delete row | E46: 22 | F46: =VLOOKUP(E46, sprintday!$A$6:$C$32, 2, FALSE) -> 46076 | G46: =VLOOKUP(E46, sprintday!$A$6:$C$32, 3, FALSE) -> 46087 | H46: 1 | I46: baseline
A47: asm | B47: ai | C47: EAPM-1310 | D47: [ASM][AssetStrategy][MaintenancePlans] Submit Change Request Form - CMMS Change Request Form (TaskListHeader) #1 | E47: 22 | F47: =VLOOKUP(E47, sprintday!$A$6:$C$32, 2, FALSE) -> 46076 | G47: =VLOOKUP(E47, sprintday!$A$6:$C$32, 3, FALSE) -> 46087 | H47: 1 | I47: baseline
A48: asm | B48: ai | C48: EAPM-1844 | D48: [ASM][AssetStrategy][MaintenancePlans] Submit Change Request Form - CMMS Change Request Form (TaskListHeader) #2 | E48: 22 | F48: =VLOOKUP(E48, sprintday!$A$6:$C$32, 2, FALSE) -> 46076 | G48: =VLOOKUP(E48, sprintday!$A$6:$C$32, 3, FALSE) -> 46087 | H48: 1 | I48: baseline
A49: asm | B49: ai | C49: EAPM-1311 | D49: [ASM][AssetStrategy][MaintenancePlans] Submit Change Request Form - CMMS Change Request Form (TaskListHeader) - Add/Duplicate/Delete row | E49: 22 | F49: =VLOOKUP(E49, sprintday!$A$6:$C$32, 2, FALSE) -> 46076 | G49: =VLOOKUP(E49, sprintday!$A$6:$C$32, 3, FALSE) -> 46087 | H49: 1 | I49: baseline
A50: asm | B50: ai | C50: EAPM-1312 | D50: [ASM][AssetStrategy][MaintenancePlans] Submit Change Request Form - CMMS Change Request Form (TaskListOperation) #1 | E50: 22 | F50: =VLOOKUP(E50, sprintday!$A$6:$C$32, 2, FALSE) -> 46076 | G50: =VLOOKUP(E50, sprintday!$A$6:$C$32, 3, FALSE) -> 46087 | H50: 1 | I50: baseline
A51: asm | B51: ai | C51: EAPM-1845 | D51: [ASM][AssetStrategy][MaintenancePlans] Submit Change Request Form - CMMS Change Request Form (TaskListOperation) #2 | E51: 22 | F51: =VLOOKUP(E51, sprintday!$A$6:$C$32, 2, FALSE) -> 46076 | G51: =VLOOKUP(E51, sprintday!$A$6:$C$32, 3, FALSE) -> 46087 | H51: 1 | I51: baseline
A52: asm | B52: ai | C52: EAPM-1313 | D52: [ASM][AssetStrategy][MaintenancePlans] Submit Change Request Form - CMMS Change Request Form (TaskListOperation) - Add/Duplicate/Delete row | E52: 22 | F52: =VLOOKUP(E52, sprintday!$A$6:$C$32, 2, FALSE) -> 46076 | G52: =VLOOKUP(E52, sprintday!$A$6:$C$32, 3, FALSE) -> 46087 | H52: 1 | I52: baseline
A53: asm | B53: cmms | C53: EAPM-2745 | D53: [ASM][AssetStrategy][MaintenancePlans] Submit Change Request - CMMS Form(PreFilled) - MaintenancePlanItem - Case: Add New Sub | E53: 22 | F53: =VLOOKUP(E53, sprintday!$A$6:$C$32, 2, FALSE) -> 46076 | G53: =VLOOKUP(E53, sprintday!$A$6:$C$32, 3, FALSE) -> 46087 | H53: 1 | I53: baseline
A54: asm | B54: cmms | C54: EAPM-2779 | D54: [ASM][AssetStrategy][MaintenancePlans] Submit Change Request Form - CMMS Change Request Form (TaskListHeader) - Add New Sub | E54: 22 | F54: =VLOOKUP(E54, sprintday!$A$6:$C$32, 2, FALSE) -> 46076 | G54: =VLOOKUP(E54, sprintday!$A$6:$C$32, 3, FALSE) -> 46087 | H54: 1 | I54: baseline
A55: asm | B55: cmms | C55: EAPM-2780 | D55: [ASM][AssetStrategy][MaintenancePlans] Submit Change Request Form - CMMS Change Request Form (TaskListOperation) - Add New Sub | E55: 22 | F55: =VLOOKUP(E55, sprintday!$A$6:$C$32, 2, FALSE) -> 46076 | G55: =VLOOKUP(E55, sprintday!$A$6:$C$32, 3, FALSE) -> 46087 | H55: 1 | I55: baseline
... A73: asm | B73: cmms | C73: EAPM-2653 | D73: [ASM][AssetStrategy] ASM Data Migration | E73: 24 | F73: =VLOOKUP(E73, sprintday!$A$6:$C$32, 2, FALSE) -> 46104 | G73: =VLOOKUP(E73, sprintday!$A$6:$C$32, 3, FALSE) -> 46115 | H73: 1 | I73: baseline
A74: asm | B74: cmms | C74: EAPM-3445 | D74: [FE][RCA] POC powerpoint | E74: 24 | F74: =VLOOKUP(E74, sprintday!$A$6:$C$32, 2, FALSE) -> 46104 | G74: =VLOOKUP(E74, sprintday!$A$6:$C$32, 3, FALSE) -> 46115 | H74: 1 | I74: baseline | K74: rca
A75: asm | B75: cmms | C75: EAPM-3717 | D75: [ASM] Update schema follow s4AHANA format | E75: 25 | F75: =VLOOKUP(E75, sprintday!$A$6:$C$32, 2, FALSE) -> 46118 | G75: =VLOOKUP(E75, sprintday!$A$6:$C$32, 3, FALSE) -> 46129 | H75: 1 | I75: baseline
A76: asm | B76: cmms | C76: EAPM-3727 | D76: [ASM][AssetStrategy][MaintenancePlans] Integrate SAP | E76: 25 | F76: =VLOOKUP(E76, sprintday!$A$6:$C$32, 2, FALSE) -> 46118 | G76: =VLOOKUP(E76, sprintday!$A$6:$C$32, 3, FALSE) -> 46129 | H76: 1 | I76: baseline
A77: asm | B77: cmms | C77: EAPM-1160 | D77: [Improvement][ASM][AssetStrategy][MaintenancePlans] Table List - After Submit CMMS - Add logic Submit button | E77: 25 | F77: =VLOOKUP(E77, sprintday!$A$6:$C$32, 2, FALSE) -> 46118 | G77: =VLOOKUP(E77, sprintday!$A$6:$C$32, 3, FALSE) -> 46129 | H77: 1 | I77: baseline
A78: asm | B78: cmms | C78: EAPM-3797 | D78: [POC][FE][RCA] Logic Tree - Diagram | E78: 25 | F78: =VLOOKUP(E78, sprintday!$A$6:$C$32, 2, FALSE) -> 46118 | G78: =VLOOKUP(E78, sprintday!$A$6:$C$32, 3, FALSE) -> 46129 | H78: 1 | I78: baseline | K78: rca
A79: asm | B79: cmms | C79: EAPM-3875 | D79: [Improvement][ASM][FE] Abbreviate number when exceeding digit threshold | E79: 25 | F79: =VLOOKUP(E79, sprintday!$A$6:$C$32, 2, FALSE) -> 46118 | G79: =VLOOKUP(E79, sprintday!$A$6:$C$32, 3, FALSE) -> 46129 | H79: 1 | I79: baseline
A80: asm | B80: cmms | C80: EAPM-4027 | D80: [Improvement][ASM][BE] tuning performance Graph | E80: 26 | F80: =VLOOKUP(E80, sprintday!$A$6:$C$32, 2, FALSE) -> 46132 | G80: =VLOOKUP(E80, sprintday!$A$6:$C$32, 3, FALSE) -> 46143 | H80: 1 | I80: baseline
A81: asm | B81: cmms | C81: EAPM-4042 | D81: [ASM][SAP] add temporary trigger button for test retry SAP failed - call api schedule SAP | E81: 26 | F81: =VLOOKUP(E81, sprintday!$A$6:$C$32, 2, FALSE) -> 46132 | G81: =VLOOKUP(E81, sprintday!$A$6:$C$32, 3, FALSE) -> 46143 | H81: 1 | I81: baseline
A82: asm | B82: cmms | C82: EAPM-3671 | D82: [Improvement][AssetStrategy][CMMS] Add column “SCE Group” + Prefill Operation Short Text + Add K logic | E82: 26 | F82: =VLOOKUP(E82, sprintday!$A$6:$C$32, 2, FALSE) -> 46132 | G82: =VLOOKUP(E82, sprintday!$A$6:$C$32, 3, FALSE) -> 46143 | H82: 1 | I82: baseline
A83: asm | B83: cmms | C83: EAPM-3355 | D83: [ASM][AssetStrategy][MaintenancePlans] Table List - Change Request No. - Hyperlink - modal Final, SG preview, related SG | E83: 26 | F83: =VLOOKUP(E83, sprintday!$A$6:$C$32, 2, FALSE) -> 46132 | G83: =VLOOKUP(E83, sprintday!$A$6:$C$32, 3, FALSE) -> 46143 | H83: 1 | I83: baseline
A84: asm | B84: cmms | C84: EAPM-2653 | D84: [ASM][AssetStrategy] ASM Data Migration | E84: 26 | F84: =VLOOKUP(E84, sprintday!$A$6:$C$32, 2, FALSE) -> 46132 | G84: =VLOOKUP(E84, sprintday!$A$6:$C$32, 3, FALSE) -> 46143 | H84: 1 | I84: baseline
A85: asm | B85: cmms | C85: EAPM-1317 | D85: [ASM][AssetStrategy][MaintenancePlans] Submit Change Request Form - CMMS Form Final - Export Excel Finalized | E85: 26 | F85: =VLOOKUP(E85, sprintday!$A$6:$C$32, 2, FALSE) -> 46132 | G85: =VLOOKUP(E85, sprintday!$A$6:$C$32, 3, FALSE) -> 46143 | H85: 1 | I85: baseline
A86: asm | B86: cmms | C86: EAPM-1317 | D86: [ASM][AssetStrategy][MaintenancePlans] Submit Change Request Form - CMMS Form Final - Export Excel Finalized | E86: 27 | F86: =VLOOKUP(E86, sprintday!$A$6:$C$32, 2, FALSE) -> 46146 | G86: =VLOOKUP(E86, sprintday!$A$6:$C$32, 3, FALSE) -> 46157 | H86: 1 | I86: baseline
A87: asm | B87: cmms | C87: EAPM-1316 | D87: [ASM][AssetStrategy][CMMS] CMMS History Log - table + click button + Overview | E87: 27 | F87: =VLOOKUP(E87, sprintday!$A$6:$C$32, 2, FALSE) -> 46146 | G87: =VLOOKUP(E87, sprintday!$A$6:$C$32, 3, FALSE) -> 46157 | H87: 1 | I87: baseline
A88: asm | B88: cmms | C88: EAPM-2808 | D88: [ASM][AssetStrategy][CMMS] CMMS History Log - Click Hyperlink - View CMMS Final Form Details | E88: 27 | F88: =VLOOKUP(E88, sprintday!$A$6:$C$32, 2, FALSE) -> 46146 | G88: =VLOOKUP(E88, sprintday!$A$6:$C$32, 3, FALSE) -> 46157 | H88: 1 | I88: baseline
A89: asm | B89: cmms | C89: EAPM-3926 | D89: [ASM][AssetStrategy][CMMS] CMMS History Log - table - Export Excel (Submitted Final Form) | E89: 27 | F89: =VLOOKUP(E89, sprintday!$A$6:$C$32, 2, FALSE) -> 46146 | G89: =VLOOKUP(E89, sprintday!$A$6:$C$32, 3, FALSE) -> 46157 | H89: 1 | I89: baseline
A90: asm | B90: cmms | C90: EAPM-2809 | D90: [ASM][AssetStrategy][CMMS] CMMS History Log - table - Export Excel Table View | E90: 27 | F90: =VLOOKUP(E90, sprintday!$A$6:$C$32, 2, FALSE) -> 46146 | G90: =VLOOKUP(E90, sprintday!$A$6:$C$32, 3, FALSE) -> 46157 | H90: 1 | I90: baseline
... A95: rca | B95: Case creation - Create/Edit Analysis | C95: EAPM-1800 | D95: [ASM][FE] Upgrade Version Angular | E95: 27 | F95: =VLOOKUP(E95, sprintday!$A$6:$C$32, 2, FALSE) -> 46146 | G95: =VLOOKUP(E95, sprintday!$A$6:$C$32, 3, FALSE) -> 46157 | H95: 1 | I95: baseline
A96: rca | B96: Case creation - Create/Edit Analysis | C96: EAPM-4447 | D96: [ASM] Sustainable Tuning for support 2-3x or more data | E96: 28 | F96: =VLOOKUP(E96, sprintday!$A$6:$C$32, 2, FALSE) -> 46160 | G96: =VLOOKUP(E96, sprintday!$A$6:$C$32, 3, FALSE) -> 46171 | H96: 1 | I96: baseline | J96: moved | K96: move to 28
A97: rca | B97: Case creation - Create/Edit Analysis | C97: EAPM-4356 | D97: [Improvement][SAP] change toast error message after submit CMMS | E97: 27 | F97: =VLOOKUP(E97, sprintday!$A$6:$C$32, 2, FALSE) -> 46146 | G97: =VLOOKUP(E97, sprintday!$A$6:$C$32, 3, FALSE) -> 46157 | H97: 1 | I97: baseline
A98: rca | B98: Case creation - Create/Edit Analysis | C98: EAPM-4355 | D98: [Improvement][SAP] Error Handling from SAP response | E98: 28 | F98: =VLOOKUP(E98, sprintday!$A$6:$C$32, 2, FALSE) -> 46160 | G98: =VLOOKUP(E98, sprintday!$A$6:$C$32, 3, FALSE) -> 46171 | H98: 1 | I98: baseline | J98: moved | K98: move to 28
A99: rca | B99: Case creation - Create/Edit Analysis | C99: EAPM-3407 | D99: [RCA][createNewAnalysis] Team Member | E99: 28 | F99: =VLOOKUP(E99, sprintday!$A$6:$C$32, 2, FALSE) -> 46160 | G99: =VLOOKUP(E99, sprintday!$A$6:$C$32, 3, FALSE) -> 46171 | H99: 1 | I99: baseline
A100: rca | B100: Case creation - Create/Edit Analysis | C100: EAPM-3408 | D100: [RCA][createNewAnalysis] Case Background | E100: 28 | F100: =VLOOKUP(E100, sprintday!$A$6:$C$32, 2, FALSE) -> 46160 | G100: =VLOOKUP(E100, sprintday!$A$6:$C$32, 3, FALSE) -> 46171 | H100: 1 | I100: baseline
A101: rca | B101: Case creation - Create/Edit Analysis | C101: EAPM-3409 | D101: [RCA][createNewAnalysis] Problem Analysis | E101: 28 | F101: =VLOOKUP(E101, sprintday!$A$6:$C$32, 2, FALSE) -> 46160 | G101: =VLOOKUP(E101, sprintday!$A$6:$C$32, 3, FALSE) -> 46171 | H101: 1 | I101: baseline
A102: rca | B102: Case creation - Create/Edit Analysis | C102: EAPM-3410 | D102: [RCA][createNewAnalysis] Incident Timeline | E102: 29 | F102: =VLOOKUP(E102, sprintday!$A$6:$C$32, 2, FALSE) -> 46174 | G102: =VLOOKUP(E102, sprintday!$A$6:$C$32, 3, FALSE) -> 46185 | H102: 1 | I102: baseline | J102: moved | K102: move to 29
A103: rca | B103: Case creation - Create/Edit Analysis | C103: EAPM-4730 | D103: [Improvement][ASM][CMMS] Submit CMMS - Add PackageNo not found page | E103: 28 | F103: =VLOOKUP(E103, sprintday!$A$6:$C$32, 2, FALSE) -> 46160 | G103: =VLOOKUP(E103, sprintday!$A$6:$C$32, 3, FALSE) -> 46171 | H103: 1 | J103: added | K103: add on
A104: rca | B104: Case creation - Create/Edit Analysis | C104: EAPM-4731 | D104: [Improvement][ASM][CMMS] Submit CMMS - Change logic field "Updated Field" | E104: 28 | F104: =VLOOKUP(E104, sprintday!$A$6:$C$32, 2, FALSE) -> 46160 | G104: =VLOOKUP(E104, sprintday!$A$6:$C$32, 3, FALSE) -> 46171 | H104: 1 | J104: added | K104: add on
A105: rca | B105: Case creation - Create/Edit Analysis | C105: EAPM-3752 | D105: [Improvement][ASM][AssetStrategy][Revision] disabled icon restore | E105: 28 | F105: =VLOOKUP(E105, sprintday!$A$6:$C$32, 2, FALSE) -> 46160 | G105: =VLOOKUP(E105, sprintday!$A$6:$C$32, 3, FALSE) -> 46171 | H105: 1 | I105: baseline
A106: rca | B106: Case creation - Create/Edit Analysis | C106: EAPM-3898 | D106: [Improvement][ASM][BE+FE] Abbreviate number when exceeding digit threshold | E106: 28 | F106: =VLOOKUP(E106, sprintday!$A$6:$C$32, 2, FALSE) -> 46160 | G106: =VLOOKUP(E106, sprintday!$A$6:$C$32, 3, FALSE) -> 46171 | H106: 1 | I106: baseline
A107: rca | B107: Case creation - Create/Edit Analysis | D107: [RCA][createNewAnalysis] Incident Timeline - Export PDF | E107: 28 | F107: =VLOOKUP(E107, sprintday!$A$6:$C$32, 2, FALSE) -> 46160 | G107: =VLOOKUP(E107, sprintday!$A$6:$C$32, 3, FALSE) -> 46171 | H107: 1 | I107: baseline | J107: removed | K107: remove
A108: asm | B108: ai | C108: EAPM-347 | D108: [ASM][AssetStrategy][RisksAndTasks] Risk tap Details - Integrate AI Suggestion | E108: 29 | F108: =VLOOKUP(E108, sprintday!$A$6:$C$32, 2, FALSE) -> 46174 | G108: =VLOOKUP(E108, sprintday!$A$6:$C$32, 3, FALSE) -> 46185 | H108: 1 | I108: baseline
A109: rca | B109: Case creation - Create/Edit Analysis | C109: EAPM-3411 | D109: [RCA][createNewAnalysis] Finding | E109: 29 | F109: =VLOOKUP(E109, sprintday!$A$6:$C$32, 2, FALSE) -> 46174 | G109: =VLOOKUP(E109, sprintday!$A$6:$C$32, 3, FALSE) -> 46185 | H109: 1 | I109: baseline | J109: moved | K109: move to 29
A110: rca | B110: Case creation - Create/Edit Analysis | C110: EAPM-3412 | D110: [RCA][createNewAnalysis] Logic Tree | E110: 29 | F110: =VLOOKUP(E110, sprintday!$A$6:$C$32, 2, FALSE) -> 46174 | G110: =VLOOKUP(E110, sprintday!$A$6:$C$32, 3, FALSE) -> 46185 | H110: 1 | I110: baseline
A111: rca | B111: Case creation - Create/Edit Analysis | C111: EAPM-3413 | D111: [RCA][createNewAnalysis] Logic Tree - Box Details | E111: 29 | F111: =VLOOKUP(E111, sprintday!$A$6:$C$32, 2, FALSE) -> 46174 | G111: =VLOOKUP(E111, sprintday!$A$6:$C$32, 3, FALSE) -> 46185 | H111: 1 | I111: baseline
A112: rca | B112: Case creation - Create/Edit Analysis | C112: EAPM-4516 | D112: [RCA][createNewAnalysis] Logic Tree - Box Details - Actions | E112: 29 | F112: =VLOOKUP(E112, sprintday!$A$6:$C$32, 2, FALSE) -> 46174 | G112: =VLOOKUP(E112, sprintday!$A$6:$C$32, 3, FALSE) -> 46185 | H112: 1 | I112: baseline
A113: rca | B113: Case creation - Create/Edit Analysis | C113: EAPM-3413 | D113: [RCA][createNewAnalysis] Verification Action | E113: 29 | F113: =VLOOKUP(E113, sprintday!$A$6:$C$32, 2, FALSE) -> 46174 | G113: =VLOOKUP(E113, sprintday!$A$6:$C$32, 3, FALSE) -> 46185 | H113: 1 | I113: baseline | J113: split | K113: breakdown 5217, move to sprint 30
A114: rca | B114: Case creation - Create/Edit Analysis | C114: EAPM-4567 | D114: [RCA][createNewAnalysis] Verification Action - Noti | E114: 29 | F114: =VLOOKUP(E114, sprintday!$A$6:$C$32, 2, FALSE) -> 46174 | G114: =VLOOKUP(E114, sprintday!$A$6:$C$32, 3, FALSE) -> 46185 | H114: 1 | I114: baseline
A115: rca | B115: Case creation - Create/Edit Analysis | C115: EAPM-3414 | D115: [RCA][createNewAnalysis] RCA Recommendations | E115: 30 | F115: =VLOOKUP(E115, sprintday!$A$6:$C$32, 2, FALSE) -> 46188 | G115: =VLOOKUP(E115, sprintday!$A$6:$C$32, 3, FALSE) -> 46199 | H115: 1 | I115: baseline | J115: split | K115: breakdown 5234
A116: rca | B116: Case creation - Create/Edit Analysis | C116: EAPM-3415 | D116: [RCA][createNewAnalysis] Other Recommendations | E116: 30 | F116: =VLOOKUP(E116, sprintday!$A$6:$C$32, 2, FALSE) -> 46188 | G116: =VLOOKUP(E116, sprintday!$A$6:$C$32, 3, FALSE) -> 46199 | H116: 1 | I116: baseline | J116: split | K116: breakdown 5235
A117: rca | B117: Case creation - Create/Edit Analysis | C117: EAPM-4568 | D117: [RCA][createNewAnalysis] Reference Document - Table 1 | E117: 30 | F117: =VLOOKUP(E117, sprintday!$A$6:$C$32, 2, FALSE) -> 46188 | G117: =VLOOKUP(E117, sprintday!$A$6:$C$32, 3, FALSE) -> 46199 | H117: 1 | I117: baseline
A118: rca | B118: Case creation - Create/Edit Analysis | C118: EAPM-4569 | D118: [RCA][createNewAnalysis] Reference Document - Table 2 | E118: 30 | F118: =VLOOKUP(E118, sprintday!$A$6:$C$32, 2, FALSE) -> 46188 | G118: =VLOOKUP(E118, sprintday!$A$6:$C$32, 3, FALSE) -> 46199 | H118: 1 | I118: baseline | J118: moved | K118: move to backlog
A119: rca | C119: EAPM-5493 | D119: [Improvement][MaintenancePlan][SAP] Integrate S4HANA - (B1) | E119: 30 | F119: =VLOOKUP(E119, sprintday!$A$6:$C$32, 2, FALSE) -> 46188 | G119: =VLOOKUP(E119, sprintday!$A$6:$C$32, 3, FALSE) -> 46199 | H119: 1 | J119: added | K119: add on, no impact
A120: rca | C120: EAPM-5158 | D120: [Improvement][RCA][createNewAnalysis] change source of PTTEP Risk Matrix + Add last updated date | E120: 30 | F120: =VLOOKUP(E120, sprintday!$A$6:$C$32, 2, FALSE) -> 46188 | G120: =VLOOKUP(E120, sprintday!$A$6:$C$32, 3, FALSE) -> 46199 | H120: 1 | J120: added | K120: add on, no impact
A121: rca | C121: EAPM-5241 | D121: [Improvement][RCA][createNewAnalysis] Verification Actions - Table List - allow assigned group email from azure + add column "Last Updated by" | E121: 30 | F121: =VLOOKUP(E121, sprintday!$A$6:$C$32, 2, FALSE) -> 46188 | G121: =VLOOKUP(E121, sprintday!$A$6:$C$32, 3, FALSE) -> 46199 | H121: 1 | J121: added | K121: add on, no impact
...

Sheet summary
A1: Baseline vs Current Scope (by change type)
Q3: Module | R3: Baseline | S3: Added | T3: Split | U3: Moved | V3: Removed | W3: Total current
Q4: ASM | R4: =COUNTIFS(baseline!$A$2:$A$163,"asm",baseline!$I$2:$I$163,"baseline") -> 87 | S4: =COUNTIFS(baseline!$A$2:$A$163,"asm",baseline!$J$2:$J$163,"added") -> 3 | T4: =COUNTIFS(baseline!$A$2:$A$163,"asm",baseline!$J$2:$J$163,"split")+COUNTIFS(baseline!$A$2:$A$163,"asm",baseline!$J$2:$J$163,"Split") -> 0 | U4: =COUNTIFS(baseline!$A$2:$A$163,"asm",baseline!$J$2:$J$163,"moved")+COUNTIFS(baseline!$A$2:$A$163,"asm",baseline!$J$2:$J$163,"moved ") -> 1 | V4: =COUNTIFS(baseline!$A$2:$A$163,"asm",baseline!$J$2:$J$163,"removed") -> 0 | W4: =SUM(R4:V4) -> 91
Q5: RCA | R5: =COUNTIFS(baseline!$A$2:$A$163,"rca",baseline!$I$2:$I$163,"baseline") -> 37 | S5: =COUNTIFS(baseline!$A$2:$A$163,"rca",baseline!$J$2:$J$163,"added") -> 7 | T5: =COUNTIFS(baseline!$A$2:$A$163,"rca",baseline!$J$2:$J$163,"split")+COUNTIFS(baseline!$A$2:$A$163,"rca",baseline!$J$2:$J$163,"Split") -> 26 | U5: =COUNTIFS(baseline!$A$2:$A$163,"rca",baseline!$J$2:$J$163,"moved")+COUNTIFS(baseline!$A$2:$A$163,"rca",baseline!$J$2:$J$163,"moved ") -> 11 | V5: =COUNTIFS(baseline!$A$2:$A$163,"rca",baseline!$J$2:$J$163,"removed") -> 1 | W5: =SUM(R5:V5) -> 82
Q6: UI Improvement | R6: =COUNTIFS(baseline!$A$2:$A$163,"ui improvement",baseline!$I$2:$I$163,"baseline") -> 6 | S6: =COUNTIFS(baseline!$A$2:$A$163,"ui improvement",baseline!$J$2:$J$163,"added") -> 0 | T6: =COUNTIFS(baseline!$A$2:$A$163,"ui improvement",baseline!$J$2:$J$163,"split")+COUNTIFS(baseline!$A$2:$A$163,"ui improvement",baseline!$J$2:$J$163,"Split") -> 0 | U6: =COUNTIFS(baseline!$A$2:$A$163,"ui improvement",baseline!$J$2:$J$163,"moved")+COUNTIFS(baseline!$A$2:$A$163,"ui improvement",baseline!$J$2:$J$163,"moved ") -> 0 | V6: =COUNTIFS(baseline!$A$2:$A$163,"ui improvement",baseline!$J$2:$J$163,"removed") -> 0 | W6: =SUM(R6:V6) -> 6
Q7: Handover | R7: =COUNTIFS(baseline!$A$2:$A$163,"handover",baseline!$I$2:$I$163,"baseline") -> 2 | S7: =COUNTIFS(baseline!$A$2:$A$163,"handover",baseline!$J$2:$J$163,"added") -> 0 | T7: =COUNTIFS(baseline!$A$2:$A$163,"handover",baseline!$J$2:$J$163,"split")+COUNTIFS(baseline!$A$2:$A$163,"handover",baseline!$J$2:$J$163,"Split") -> 0 | U7: =COUNTIFS(baseline!$A$2:$A$163,"handover",baseline!$J$2:$J$163,"moved")+COUNTIFS(baseline!$A$2:$A$163,"handover",baseline!$J$2:$J$163,"moved ") -> 0 | V7: =COUNTIFS(baseline!$A$2:$A$163,"handover",baseline!$J$2:$J$163,"removed") -> 0 | W7: =SUM(R7:V7) -> 2
Q8: SAP | R8: =COUNTIFS(baseline!$A$2:$A$163,"sap",baseline!$I$2:$I$163,"baseline") -> 7 | S8: =COUNTIFS(baseline!$A$2:$A$163,"sap",baseline!$J$2:$J$163,"added") -> 1 | T8: =COUNTIFS(baseline!$A$2:$A$163,"sap",baseline!$J$2:$J$163,"split")+COUNTIFS(baseline!$A$2:$A$163,"sap",baseline!$J$2:$J$163,"Split") -> 0 | U8: =COUNTIFS(baseline!$A$2:$A$163,"sap",baseline!$J$2:$J$163,"moved")+COUNTIFS(baseline!$A$2:$A$163,"sap",baseline!$J$2:$J$163,"moved ") -> 1 | V8: =COUNTIFS(baseline!$A$2:$A$163,"sap",baseline!$J$2:$J$163,"removed") -> 0 | W8: =SUM(R8:V8) -> 9
A36: Sprint by sprint breakdown
A37: SPRINT-BY-SPRINT BREAKDOWN
A38: Sprint | B38: Date Range | C38: ASM | D38: SAP | E38: RCA | F38: UI IMP | G38: HANDOVER | H38: Total
A39: Sprint 18 | B39: 05 Jan 2026 | C39: =COUNTIFS(baseline!$A$2:$A$163,"asm",baseline!$E$2:$E$163,18) -> 8 | D39: =COUNTIFS(baseline!$A$2:$A$163,"sap",baseline!$E$2:$E$163,18) -> 0 | E39: =COUNTIFS(baseline!$A$2:$A$163,"rca",baseline!$E$2:$E$163,18) -> 0 | F39: =COUNTIFS(baseline!$A$2:$A$163,"ui improvement",baseline!$E$2:$E$163,18) -> 0 | G39: =COUNTIFS(baseline!$A$2:$A$163,"handover",baseline!$E$2:$E$163,18) -> 0 | H39: =SUM(C39:G39) -> 8
A40: Sprint 19 | B40: 12 Jan 2026 | C40: =COUNTIFS(baseline!$A$2:$A$163,"asm",baseline!$E$2:$E$163,19) -> 14 | D40: =COUNTIFS(baseline!$A$2:$A$163,"sap",baseline!$E$2:$E$163,19) -> 0 | E40: =COUNTIFS(baseline!$A$2:$A$163,"rca",baseline!$E$2:$E$163,19) -> 0 | F40: =COUNTIFS(baseline!$A$2:$A$163,"ui improvement",baseline!$E$2:$E$163,19) -> 0 | G40: =COUNTIFS(baseline!$A$2:$A$163,"handover",baseline!$E$2:$E$163,19) -> 0 | H40: =SUM(C40:G40) -> 14
A41: Sprint 20 | B41: 26 Jan 2026 | C41: =COUNTIFS(baseline!$A$2:$A$163,"asm",baseline!$E$2:$E$163,20) -> 13 | D41: =COUNTIFS(baseline!$A$2:$A$163,"sap",baseline!$E$2:$E$163,20) -> 1 | E41: =COUNTIFS(baseline!$A$2:$A$163,"rca",baseline!$E$2:$E$163,20) -> 0 | F41: =COUNTIFS(baseline!$A$2:$A$163,"ui improvement",baseline!$E$2:$E$163,20) -> 0 | G41: =COUNTIFS(baseline!$A$2:$A$163,"handover",baseline!$E$2:$E$163,20) -> 0 | H41: =SUM(C41:G41) -> 14
A42: Sprint 21 | B42: 09 Feb 2026 | C42: =COUNTIFS(baseline!$A$2:$A$163,"asm",baseline!$E$2:$E$163,21) -> 7 | D42: =COUNTIFS(baseline!$A$2:$A$163,"sap",baseline!$E$2:$E$163,21) -> 1 | E42: =COUNTIFS(baseline!$A$2:$A$163,"rca",baseline!$E$2:$E$163,21) -> 0 | F42: =COUNTIFS(baseline!$A$2:$A$163,"ui improvement",baseline!$E$2:$E$163,21) -> 0 | G42: =COUNTIFS(baseline!$A$2:$A$163,"handover",baseline!$E$2:$E$163,21) -> 0 | H42: =SUM(C42:G42) -> 8
A43: Sprint 22 | B43: 23 Feb 2026 | C43: =COUNTIFS(baseline!$A$2:$A$163,"asm",baseline!$E$2:$E$163,22) -> 11 | D43: =COUNTIFS(baseline!$A$2:$A$163,"sap",baseline!$E$2:$E$163,22) -> 0 | E43: =COUNTIFS(baseline!$A$2:$A$163,"rca",baseline!$E$2:$E$163,22) -> 0 | F43: =COUNTIFS(baseline!$A$2:$A$163,"ui improvement",baseline!$E$2:$E$163,22) -> 0 | G43: =COUNTIFS(baseline!$A$2:$A$163,"handover",baseline!$E$2:$E$163,22) -> 0 | H43: =SUM(C43:G43) -> 11
A44: Sprint 23 | B44: 09 Mar 2026 | C44: =COUNTIFS(baseline!$A$2:$A$163,"asm",baseline!$E$2:$E$163,23) -> 7 | D44: =COUNTIFS(baseline!$A$2:$A$163,"sap",baseline!$E$2:$E$163,23) -> 0 | E44: =COUNTIFS(baseline!$A$2:$A$163,"rca",baseline!$E$2:$E$163,23) -> 0 | F44: =COUNTIFS(baseline!$A$2:$A$163,"ui improvement",baseline!$E$2:$E$163,23) -> 0 | G44: =COUNTIFS(baseline!$A$2:$A$163,"handover",baseline!$E$2:$E$163,23) -> 0 | H44: =SUM(C44:G44) -> 7
A45: Sprint 24 | B45: 23 Mar 2026 | C45: =COUNTIFS(baseline!$A$2:$A$163,"asm",baseline!$E$2:$E$163,24) -> 10 | D45: =COUNTIFS(baseline!$A$2:$A$163,"sap",baseline!$E$2:$E$163,24) -> 0 | E45: =COUNTIFS(baseline!$A$2:$A$163,"rca",baseline!$E$2:$E$163,24) -> 1 | F45: =COUNTIFS(baseline!$A$2:$A$163,"ui improvement",baseline!$E$2:$E$163,24) -> 0 | G45: =COUNTIFS(baseline!$A$2:$A$163,"handover",baseline!$E$2:$E$163,24) -> 0 | H45: =SUM(C45:G45) -> 11
A46: Sprint 25 | B46: 06 Apr 2026 | C46: =COUNTIFS(baseline!$A$2:$A$163,"asm",baseline!$E$2:$E$163,25) -> 2 | D46: =COUNTIFS(baseline!$A$2:$A$163,"sap",baseline!$E$2:$E$163,25) -> 2 | E46: =COUNTIFS(baseline!$A$2:$A$163,"rca",baseline!$E$2:$E$163,25) -> 1 | F46: =COUNTIFS(baseline!$A$2:$A$163,"ui improvement",baseline!$E$2:$E$163,25) -> 0 | G46: =COUNTIFS(baseline!$A$2:$A$163,"handover",baseline!$E$2:$E$163,25) -> 0 | H46: =SUM(C46:G46) -> 5
A47: Sprint 26 | B47: 20 Apr 2026 | C47: =COUNTIFS(baseline!$A$2:$A$163,"asm",baseline!$E$2:$E$163,26) -> 5 | D47: =COUNTIFS(baseline!$A$2:$A$163,"sap",baseline!$E$2:$E$163,26) -> 1 | E47: =COUNTIFS(baseline!$A$2:$A$163,"rca",baseline!$E$2:$E$163,26) -> 0 | F47: =COUNTIFS(baseline!$A$2:$A$163,"ui improvement",baseline!$E$2:$E$163,26) -> 0 | G47: =COUNTIFS(baseline!$A$2:$A$163,"handover",baseline!$E$2:$E$163,26) -> 0 | H47: =SUM(C47:G47) -> 6
A48: Sprint 27 | B48: 04 May 2026 | C48: =COUNTIFS(baseline!$A$2:$A$163,"asm",baseline!$E$2:$E$163,27) -> 6 | D48: =COUNTIFS(baseline!$A$2:$A$163,"sap",baseline!$E$2:$E$163,27) -> 1 | E48: =COUNTIFS(baseline!$A$2:$A$163,"rca",baseline!$E$2:$E$163,27) -> 4 | F48: =COUNTIFS(baseline!$A$2:$A$163,"ui improvement",baseline!$E$2:$E$163,27) -> 0 | G48: =COUNTIFS(baseline!$A$2:$A$163,"handover",baseline!$E$2:$E$163,27) -> 0 | H48: =SUM(C48:G48) -> 11
A49: Sprint 28 | B49: 18 May 2026 | C49: =COUNTIFS(baseline!$A$2:$A$163,"asm",baseline!$E$2:$E$163,28) -> 5 | D49: =COUNTIFS(baseline!$A$2:$A$163,"sap",baseline!$E$2:$E$163,28) -> 1 | E49: =COUNTIFS(baseline!$A$2:$A$163,"rca",baseline!$E$2:$E$163,28) -> 4 | F49: =COUNTIFS(baseline!$A$2:$A$163,"ui improvement",baseline!$E$2:$E$163,28) -> 0 | G49: =COUNTIFS(baseline!$A$2:$A$163,"handover",baseline!$E$2:$E$163,28) -> 0 | H49: =SUM(C49:G49) -> 10
A50: Sprint 29 | B50: 01 Jun 2026 | C50: =COUNTIFS(baseline!$A$2:$A$163,"asm",baseline!$E$2:$E$163,29) -> 1 | D50: =COUNTIFS(baseline!$A$2:$A$163,"sap",baseline!$E$2:$E$163,29) -> 0 | E50: =COUNTIFS(baseline!$A$2:$A$163,"rca",baseline!$E$2:$E$163,29) -> 7 | F50: =COUNTIFS(baseline!$A$2:$A$163,"ui improvement",baseline!$E$2:$E$163,29) -> 0 | G50: =COUNTIFS(baseline!$A$2:$A$163,"handover",baseline!$E$2:$E$163,29) -> 0 | H50: =SUM(C50:G50) -> 8
A51: Sprint 30 | B51: 15 Jun 2026 | C51: =COUNTIFS(baseline!$A$2:$A$163,"asm",baseline!$E$2:$E$163,30) -> 1 | D51: =COUNTIFS(baseline!$A$2:$A$163,"sap",baseline!$E$2:$E$163,30) -> 1 | E51: =COUNTIFS(baseline!$A$2:$A$163,"rca",baseline!$E$2:$E$163,30) -> 9 | F51: =COUNTIFS(baseline!$A$2:$A$163,"ui improvement",baseline!$E$2:$E$163,30) -> 0 | G51: =COUNTIFS(baseline!$A$2:$A$163,"handover",baseline!$E$2:$E$163,30) -> 0 | H51: =SUM(C51:G51) -> 11
A52: Sprint 31 | B52: 29 Jun 2026 | C52: =COUNTIFS(baseline!$A$2:$A$163,"asm",baseline!$E$2:$E$163,31) -> 0 | D52: =COUNTIFS(baseline!$A$2:$A$163,"sap",baseline!$E$2:$E$163,31) -> 0 | E52: =COUNTIFS(baseline!$A$2:$A$163,"rca",baseline!$E$2:$E$163,31) -> 5 | F52: =COUNTIFS(baseline!$A$2:$A$163,"ui improvement",baseline!$E$2:$E$163,31) -> 0 | G52: =COUNTIFS(baseline!$A$2:$A$163,"handover",baseline!$E$2:$E$163,31) -> 0 | H52: =SUM(C52:G52) -> 5
A53: Sprint 32 | B53: 13 Jul 2026 | C53: =COUNTIFS(baseline!$A$2:$A$163,"asm",baseline!$E$2:$E$163,32) -> 0 | D53: =COUNTIFS(baseline!$A$2:$A$163,"sap",baseline!$E$2:$E$163,32) -> 0 | E53: =COUNTIFS(baseline!$A$2:$A$163,"rca",baseline!$E$2:$E$163,32) -> 15 | F53: =COUNTIFS(baseline!$A$2:$A$163,"ui improvement",baseline!$E$2:$E$163,32) -> 0 | G53: =COUNTIFS(baseline!$A$2:$A$163,"handover",baseline!$E$2:$E$163,32) -> 0 | H53: =SUM(C53:G53) -> 15
A54: Sprint 33 | B54: 27 Jul 2026 | C54: =COUNTIFS(baseline!$A$2:$A$163,"asm",baseline!$E$2:$E$163,33) -> 0 | D54: =COUNTIFS(baseline!$A$2:$A$163,"sap",baseline!$E$2:$E$163,33) -> 0 | E54: =COUNTIFS(baseline!$A$2:$A$163,"rca",baseline!$E$2:$E$163,33) -> 3 | F54: =COUNTIFS(baseline!$A$2:$A$163,"ui improvement",baseline!$E$2:$E$163,33) -> 0 | G54: =COUNTIFS(baseline!$A$2:$A$163,"handover",baseline!$E$2:$E$163,33) -> 0 | H54: =SUM(C54:G54) -> 3
A55: Sprint 34 | B55: 10 Aug 2026 | C55: =COUNTIFS(baseline!$A$2:$A$163,"asm",baseline!$E$2:$E$163,34) -> 0 | D55: =COUNTIFS(baseline!$A$2:$A$163,"sap",baseline!$E$2:$E$163,34) -> 0 | E55: =COUNTIFS(baseline!$A$2:$A$163,"rca",baseline!$E$2:$E$163,34) -> 3 | F55: =COUNTIFS(baseline!$A$2:$A$163,"ui improvement",baseline!$E$2:$E$163,34) -> 0 | G55: =COUNTIFS(baseline!$A$2:$A$163,"handover",baseline!$E$2:$E$163,34) -> 0 | H55: =SUM(C55:G55) -> 3
A56: Sprint 35 | B56: 24 Aug 2026 | C56: =COUNTIFS(baseline!$A$2:$A$163,"asm",baseline!$E$2:$E$163,35) -> 0 | D56: =COUNTIFS(baseline!$A$2:$A$163,"sap",baseline!$E$2:$E$163,35) -> 0 | E56: =COUNTIFS(baseline!$A$2:$A$163,"rca",baseline!$E$2:$E$163,35) -> 4 | F56: =COUNTIFS(baseline!$A$2:$A$163,"ui improvement",baseline!$E$2:$E$163,35) -> 0 | G56: =COUNTIFS(baseline!$A$2:$A$163,"handover",baseline!$E$2:$E$163,35) -> 0 | H56: =SUM(C56:G56) -> 4
A57: Sprint 36 | B57: 07 Sep 2026 | C57: =COUNTIFS(baseline!$A$2:$A$163,"asm",baseline!$E$2:$E$163,36) -> 0 | D57: =COUNTIFS(baseline!$A$2:$A$163,"sap",baseline!$E$2:$E$163,36) -> 0 | E57: =COUNTIFS(baseline!$A$2:$A$163,"rca",baseline!$E$2:$E$163,36) -> 0 | F57: =COUNTIFS(baseline!$A$2:$A$163,"ui improvement",baseline!$E$2:$E$163,36) -> 1 | G57: =COUNTIFS(baseline!$A$2:$A$163,"handover",baseline!$E$2:$E$163,36) -> 0 | H57: =SUM(C57:G57) -> 1
A58: Sprint 37 | B58: 21 Sep 2026 | C58: =COUNTIFS(baseline!$A$2:$A$163,"asm",baseline!$E$2:$E$163,37) -> 0 | D58: =COUNTIFS(baseline!$A$2:$A$163,"sap",baseline!$E$2:$E$163,37) -> 0 | E58: =COUNTIFS(baseline!$A$2:$A$163,"rca",baseline!$E$2:$E$163,37) -> 0 | F58: =COUNTIFS(baseline!$A$2:$A$163,"ui improvement",baseline!$E$2:$E$163,37) -> 1 | G58: =COUNTIFS(baseline!$A$2:$A$163,"handover",baseline!$E$2:$E$163,37) -> 0 | H58: =SUM(C58:G58) -> 1
A59: Sprint 38 | B59: 05 Oct 2026 | C59: =COUNTIFS(baseline!$A$2:$A$163,"asm",baseline!$E$2:$E$163,38) -> 0 | D59: =COUNTIFS(baseline!$A$2:$A$163,"sap",baseline!$E$2:$E$163,38) -> 0 | E59: =COUNTIFS(baseline!$A$2:$A$163,"rca",baseline!$E$2:$E$163,38) -> 0 | F59: =COUNTIFS(baseline!$A$2:$A$163,"ui improvement",baseline!$E$2:$E$163,38) -> 1 | G59: =COUNTIFS(baseline!$A$2:$A$163,"handover",baseline!$E$2:$E$163,38) -> 0 | H59: =SUM(C59:G59) -> 1
A60: Sprint 39 | B60: 19 Oct 2026 | C60: =COUNTIFS(baseline!$A$2:$A$163,"asm",baseline!$E$2:$E$163,39) -> 0 | D60: =COUNTIFS(baseline!$A$2:$A$163,"sap",baseline!$E$2:$E$163,39) -> 0 | E60: =COUNTIFS(baseline!$A$2:$A$163,"rca",baseline!$E$2:$E$163,39) -> 0 | F60: =COUNTIFS(baseline!$A$2:$A$163,"ui improvement",baseline!$E$2:$E$163,39) -> 1 | G60: =COUNTIFS(baseline!$A$2:$A$163,"handover",baseline!$E$2:$E$163,39) -> 0 | H60: =SUM(C60:G60) -> 1
A61: Sprint 40 | B61: 02 Nov 2026 | C61: =COUNTIFS(baseline!$A$2:$A$163,"asm",baseline!$E$2:$E$163,40) -> 0 | D61: =COUNTIFS(baseline!$A$2:$A$163,"sap",baseline!$E$2:$E$163,40) -> 0 | E61: =COUNTIFS(baseline!$A$2:$A$163,"rca",baseline!$E$2:$E$163,40) -> 0 | F61: =COUNTIFS(baseline!$A$2:$A$163,"ui improvement",baseline!$E$2:$E$163,40) -> 1 | G61: =COUNTIFS(baseline!$A$2:$A$163,"handover",baseline!$E$2:$E$163,40) -> 0 | H61: =SUM(C61:G61) -> 1
A62: Sprint 41 | B62: 16 Nov 2026 | C62: =COUNTIFS(baseline!$A$2:$A$163,"asm",baseline!$E$2:$E$163,41) -> 0 | D62: =COUNTIFS(baseline!$A$2:$A$163,"sap",baseline!$E$2:$E$163,41) -> 0 | E62: =COUNTIFS(baseline!$A$2:$A$163,"rca",baseline!$E$2:$E$163,41) -> 0 | F62: =COUNTIFS(baseline!$A$2:$A$163,"ui improvement",baseline!$E$2:$E$163,41) -> 1 | G62: =COUNTIFS(baseline!$A$2:$A$163,"handover",baseline!$E$2:$E$163,41) -> 0 | H62: =SUM(C62:G62) -> 1
A63: Sprint 42 | B63: 30 Nov 2026 | C63: =COUNTIFS(baseline!$A$2:$A$163,"asm",baseline!$E$2:$E$163,42) -> 0 | D63: =COUNTIFS(baseline!$A$2:$A$163,"sap",baseline!$E$2:$E$163,42) -> 0 | E63: =COUNTIFS(baseline!$A$2:$A$163,"rca",baseline!$E$2:$E$163,42) -> 0 | F63: =COUNTIFS(baseline!$A$2:$A$163,"ui improvement",baseline!$E$2:$E$163,42) -> 0 | G63: =COUNTIFS(baseline!$A$2:$A$163,"handover",baseline!$E$2:$E$163,42) -> 1 | H63: =SUM(C63:G63) -> 1
A64: Sprint 43 | B64: 14 Dec 2026 | C64: =COUNTIFS(baseline!$A$2:$A$163,"asm",baseline!$E$2:$E$163,43) -> 0 | D64: =COUNTIFS(baseline!$A$2:$A$163,"sap",baseline!$E$2:$E$163,43) -> 0 | E64: =COUNTIFS(baseline!$A$2:$A$163,"rca",baseline!$E$2:$E$163,43) -> 0 | F64: =COUNTIFS(baseline!$A$2:$A$163,"ui improvement",baseline!$E$2:$E$163,43) -> 0 | G64: =COUNTIFS(baseline!$A$2:$A$163,"handover",baseline!$E$2:$E$163,43) -> 1 | H64: =SUM(C64:G64) -> 1
A65: TOTAL | C65: =SUM(C39:C64) -> 90 | D65: =SUM(D39:D64) -> 8 | E65: =SUM(E39:E64) -> 56 | F65: =SUM(F39:F64) -> 6 | G65: =SUM(G39:G64) -> 2 | H65: =SUM(H39:H64) -> 162
A67: COLOR LEGEND: | C67: ASM | D67: SAP | E67: RCA | F67: UI IMP | G67: HANDOVER

Sheet dashboard
A1: Baseline vs Change — Project Scope Dashboard
A2: Source: 'baseline' sheet (item-level plan) and 'sprintday' sheet (sprint calendar). Timeline and budget are FIXED — Sprint 18 to 43.
A3: AS of 06 Aug 2026: not impact project timeline
A25: Chart data (do not delete)
A26: Module | B26: Baseline | C26: Current | E26: Change type | F26: Items
A27: =A48 -> asm | B27: =B48 -> 87 | C27: =F48 -> 90 | E27: Added (new scope) | F27: =B39 -> 11
A28: =A49 -> rca | B28: =B49 -> 37 | C28: =F49 -> 56 | E28: Broken down (re-planned) | F28: =B40 -> 12
A29: =A50 -> ui improvement | B29: =B50 -> 6 | C29: =F50 -> 6 | E29: Moved to another sprint | F29: =B43 -> 13
A30: =A51 -> handover | B30: =B51 -> 2 | C30: =F51 -> 2 | E30: Removed | F30: =B42 -> 1
E31: Sap | F31: =B41 -> 8
A33: 1 | SCOPE: BASELINE vs CURRENT
A34: Metric | B34: Value | C34: Comment
A35: Baseline scope agreed (items) | B35: =COUNTIF(baseline!$I$2:$I$163,"baseline") -> 139 | C35: At revision baseline on SOR 2026
A36: Current scope in plan (items) | B36: =COUNTA(baseline!$D$2:$D$163) -> 162 | C36: Everything in the plan today
A37: Net change vs baseline (items) | B37: =B36-B35 -> 23 | C37: Track of change (additional, in original)
A38: Net change (%) | B38: =B37/B35 -> 0.16546763
A39: – New add-on requests | B39: =COUNTIF(baseline!$J$2:$J$163,"added") -> 11 | C39: New scope
A40: – Original baseline items broken down | B40: =B37-B39 -> 12 | C40: Same scope, more detailed tickets
A41: SAP Activity | B41: =COUNTIF(baseline!$A$2:$A$163,"sap") -> 8 | C41: Sap Activities
A42: Items de-scoped / removed | B42: =COUNTIF(baseline!$J$2:$J$163,"removed") -> 1
A43: Items moved to another sprint | B43: =COUNTIF(baseline!$J$2:$J$163,"moved*") -> 13 | C43: Sequence changed, scope unchanged
A44: Timeline (start – end) | B44: =TEXT(MIN(baseline!$F$2:$F$163),"dd mmm yy")&" – "&TEXT(MAX(baseline!$G$2:$G$163),"dd mmm yy") -> 05 Jan 26 – 25 Dec 26 | C44: Unchanged from baseline
A46: 2 | CHANGE BY MODULE
A47: Module | B47: Baseline items | C47: New items | D47: Removed | E47: Moved to another sprint | F47: Current items | G47: Net change
A48: asm | B48: =COUNTIFS(baseline!$A$2:$A$163,$A48,baseline!$I$2:$I$163,"baseline") -> 87 | C48: =COUNTIFS(baseline!$A$2:$A$163,$A48,baseline!$I$2:$I$163,"") -> 3 | D48: =COUNTIFS(baseline!$A$2:$A$163,$A48,baseline!$J$2:$J$163,"removed") -> 0 | E48: =COUNTIFS(baseline!$A$2:$A$163,$A48,baseline!$J$2:$J$163,"moved*") -> 1 | F48: =COUNTIF(baseline!$A$2:$A$163,$A48) -> 90 | G48: =F48-B48 -> 3
A49: rca | B49: =COUNTIFS(baseline!$A$2:$A$163,$A49,baseline!$I$2:$I$163,"baseline") -> 37 | C49: =COUNTIFS(baseline!$A$2:$A$163,$A49,baseline!$I$2:$I$163,"") -> 19 | D49: =COUNTIFS(baseline!$A$2:$A$163,$A49,baseline!$J$2:$J$163,"removed") -> 1 | E49: =COUNTIFS(baseline!$A$2:$A$163,$A49,baseline!$J$2:$J$163,"moved*") -> 11 | F49: =COUNTIF(baseline!$A$2:$A$163,$A49) -> 56 | G49: =F49-B49 -> 19
A50: ui improvement | B50: =COUNTIFS(baseline!$A$2:$A$163,$A50,baseline!$I$2:$I$163,"baseline") -> 6 | C50: =COUNTIFS(baseline!$A$2:$A$163,$A50,baseline!$I$2:$I$163,"") -> 0 | D50: =COUNTIFS(baseline!$A$2:$A$163,$A50,baseline!$J$2:$J$163,"removed") -> 0 | E50: =COUNTIFS(baseline!$A$2:$A$163,$A50,baseline!$J$2:$J$163,"moved*") -> 0 | F50: =COUNTIF(baseline!$A$2:$A$163,$A50) -> 6 | G50: =F50-B50 -> 0
A51: handover | B51: =COUNTIFS(baseline!$A$2:$A$163,$A51,baseline!$I$2:$I$163,"baseline") -> 2 | C51: =COUNTIFS(baseline!$A$2:$A$163,$A51,baseline!$I$2:$I$163,"") -> 0 | D51: =COUNTIFS(baseline!$A$2:$A$163,$A51,baseline!$J$2:$J$163,"removed") -> 0 | E51: =COUNTIFS(baseline!$A$2:$A$163,$A51,baseline!$J$2:$J$163,"moved*") -> 0 | F51: =COUNTIF(baseline!$A$2:$A$163,$A51) -> 2 | G51: =F51-B51 -> 0
A52: Total | B52: =SUM(B48:B51) -> 132 | C52: =SUM(C48:C51) -> 22 | D52: =SUM(D48:D51) -> 1 | E52: =SUM(E48:E51) -> 12 | F52: =SUM(F48:F51) -> 154 | G52: =SUM(G48:G51) -> 22

Sheet dashboard v2
A1: Baseline vs Change — Project Scope Dashboard
A2: Source: 'baseline' sheet (item-level plan) and 'sprintday' sheet (sprint calendar). Timeline and budget are FIXED — Sprint 18 to 43.
A3: AS of 06 Aug 2026
A25: Chart data (do not delete)
A26: Module | B26: Baseline | C26: Current | E26: Change type | F26: Items
A27: =A47 -> asm | B27: =B47 -> 87 | C27: =F47 -> 90 | E27: Added (new scope) | F27: =B39 -> 11
A28: =A48 -> rca | B28: =B48 -> 37 | C28: =F48 -> 56 | E28: Broken down (re-planned) | F28: =B40 -> 12
A29: =A49 -> ui improvement | B29: =B49 -> 6 | C29: =F49 -> 6 | E29: Moved to another sprint | F29: =B42 -> 13
A30: =A50 -> handover | B30: =B50 -> 2 | C30: =F50 -> 2 | E30: Removed | F30: =B41 -> 1
A33: 1 | SCOPE: BASELINE vs CURRENT
A34: Metric | B34: Value | C34: Comment
A35: Baseline scope agreed (items) | B35: =COUNTIF(baseline!$I$2:$I$163,"baseline") -> 139 | C35: At revision baseline on SOR 2026
A36: Current scope in plan (items) | B36: =COUNTA(baseline!$D$2:$D$163) -> 162 | C36: Everything in the plan today
A37: Net change vs baseline (items) | B37: =B36-B35 -> 23 | C37: Track of change (additional, in original)
A38: Net change (%) | B38: =B37/B35 -> 0.16546763
A39: – New add-on requests | B39: =COUNTIF(baseline!$J$2:$J$163,"added") -> 11 | C39: New scope
A40: – Original baseline items broken down | B40: =B37-B39 -> 12 | C40: Same scope, more detailed tickets
A41: Items de-scoped / removed | B41: =COUNTIF(baseline!$J$2:$J$163,"removed") -> 1
A42: Items moved to another sprint | B42: =COUNTIF(baseline!$J$2:$J$163,"moved*") -> 13 | C42: Sequence changed, scope unchanged
A43: Timeline (start – end) | B43: =TEXT(MIN(baseline!$F$2:$F$163),"dd mmm yy")&" – "&TEXT(MAX(baseline!$G$2:$G$163),"dd mmm yy") -> 05 Jan 26 – 25 Dec 26 | C43: Unchanged from baseline
A45: 2 | CHANGE BY MODULE
A46: Module | B46: Baseline items | C46: New items | D46: Removed | E46: Moved to another sprint | F46: Current items | G46: Net change
A47: asm | B47: =COUNTIFS(baseline!$A$2:$A$163,$A47,baseline!$I$2:$I$163,"baseline") -> 87 | C47: =COUNTIFS(baseline!$A$2:$A$163,$A47,baseline!$I$2:$I$163,"") -> 3 | D47: =COUNTIFS(baseline!$A$2:$A$163,$A47,baseline!$J$2:$J$163,"removed") -> 0 | E47: =COUNTIFS(baseline!$A$2:$A$163,$A47,baseline!$J$2:$J$163,"moved*") -> 1 | F47: =COUNTIF(baseline!$A$2:$A$163,$A47) -> 90 | G47: =F47-B47 -> 3
A48: rca | B48: =COUNTIFS(baseline!$A$2:$A$163,$A48,baseline!$I$2:$I$163,"baseline") -> 37 | C48: =COUNTIFS(baseline!$A$2:$A$163,$A48,baseline!$I$2:$I$163,"") -> 19 | D48: =COUNTIFS(baseline!$A$2:$A$163,$A48,baseline!$J$2:$J$163,"removed") -> 1 | E48: =COUNTIFS(baseline!$A$2:$A$163,$A48,baseline!$J$2:$J$163,"moved*") -> 11 | F48: =COUNTIF(baseline!$A$2:$A$163,$A48) -> 56 | G48: =F48-B48 -> 19
A49: ui improvement | B49: =COUNTIFS(baseline!$A$2:$A$163,$A49,baseline!$I$2:$I$163,"baseline") -> 6 | C49: =COUNTIFS(baseline!$A$2:$A$163,$A49,baseline!$I$2:$I$163,"") -> 0 | D49: =COUNTIFS(baseline!$A$2:$A$163,$A49,baseline!$J$2:$J$163,"removed") -> 0 | E49: =COUNTIFS(baseline!$A$2:$A$163,$A49,baseline!$J$2:$J$163,"moved*") -> 0 | F49: =COUNTIF(baseline!$A$2:$A$163,$A49) -> 6 | G49: =F49-B49 -> 0
A50: handover | B50: =COUNTIFS(baseline!$A$2:$A$163,$A50,baseline!$I$2:$I$163,"baseline") -> 2 | C50: =COUNTIFS(baseline!$A$2:$A$163,$A50,baseline!$I$2:$I$163,"") -> 0 | D50: =COUNTIFS(baseline!$A$2:$A$163,$A50,baseline!$J$2:$J$163,"removed") -> 0 | E50: =COUNTIFS(baseline!$A$2:$A$163,$A50,baseline!$J$2:$J$163,"moved*") -> 0 | F50: =COUNTIF(baseline!$A$2:$A$163,$A50) -> 2 | G50: =F50-B50 -> 0
A51: Total | B51: =SUM(B47:B50) -> 132 | C51: =SUM(C47:C50) -> 22 | D51: =SUM(D47:D50) -> 1 | E51: =SUM(E47:E50) -> 12 | F51: =SUM(F47:F50) -> 154 | G51: =SUM(G47:G50) -> 22

Sheet master plan
A1: Project Plan: | B1: =(F8*G8+F12*G12+F19*G19+F22*G22)/(F8+F12+F19+F22) -> 0.68852459 | C1: Project start: | D1: 46027
A2: Project Actual: | B2: =(F8*H8+F12*H12+F19*H19+F22*H22)/(F8+F12+F19+F22) -> 0.66344262 | C2: Project end: | D2: =MAX(C8:D24) -> 46381 | J2: Year 2026
C3: Baseline: | D3: =D2 -> 46381 | J3: Jan | N3: Feb | R3: Mar | W3: Apr | AA3: May | AE3: Jun | AJ3: Jul | AN3: Aug | AS3: Sep | AW3: Oct | BA3: Nov | BF3: Dec
J4: =D1 -> 46027 | K4: =J4+7 -> 46034 | L4: =K4+7 -> 46041 | M4: =L4+7 -> 46048 | N4: =M4+7 -> 46055 | O4: =N4+7 -> 46062 | P4: =O4+7 -> 46069 | Q4: =P4+7 -> 46076 | R4: =Q4+7 -> 46083 | ... BI4: =BH4+7 -> 46384
J5: W1 | K5: W2 | L5: W3 | M5: W4 | N5: W5 | O5: W6 | P5: W7 | Q5: W8 | R5: W9 | S5: W10 | T5: W11 | U5: W12 | V5: W13 | W5: W14 | X5: W15 | Y5: W16 | Z5: W17 | AA5: W18 | AB5: W19 | AC5: W20 | AD5: W21 | AE5: W22 | AF5: W23 | AG5: W24 | AH5: W25 | AI5: W26 | AJ5: W27 | AK5: W28 | AL5: W29 | AM5: W30 | AN5: W31 | AO5: W32 | AP5: W33 | AQ5: W34 | AR5: W35 | AS5: W36 | AT5: W37 | AU5: W38 | AV5: W39 | AW5: W40 | AX5: W41 | AY5: W42 | AZ5: W43 | BA5: W44 | BB5: W45 | BC5: W46 | BD5: W47 | BE5: W48 | BF5: W49 | BG5: W50 | BH5: W51 | BI5: W52
J6: sp18 | K6: sp19 | M6: sp20 | O6: sp21 | Q6: sp22 | S6: sp23 | U6: sp24 | W6: sp25 | Y6: sp26 | AA6: sp27 | AC6: sp28 | AE6: sp29 | AG6: sp30 | AI6: sp31 | AK6: sp32 | AM6: sp33 | AO6: sp34 | AQ6: sp35 | AS6: sp36 | AU6: sp37 | AW6: sp38 | AY6: sp39 | BA6: sp40 | BC6: sp41 | BE6: sp42 | BG6: sp43 | BI6: sp44
A7: Module | B7: Feature | C7: Start | D7: End | E7: Sprint | F7: Working Day | G7: % Plan | H7: % Actual | I7: status
A8: MVP1: ASM+AI | C8: =MIN(C9:D11) -> 46027 | D8: =MAX(C9:D11) -> 46157 | F8: =SUM(F9:F11) -> 97 | G8: =SUMPRODUCT(F9:F11,G9:G11)/SUM(F9:F11) -> 1 | H8: =SUMPRODUCT(F9:F11,H9:H11)/SUM(F9:F11) -> 1
B9: Revision | C9: 46027 | D9: 46045 | E9: 18-19 | F9: 15 | G9: 1 | H9: =IFERROR(COUNTIFS(baseline!B:B,B9,baseline!H:H,1)/COUNTIF(baseline!B:B,B9),0) -> 1 | I9: {=_xlfn.IFS(AND(G9=1, H9=1), "completed", AND(G9=0, H9=0), "not start yet", TRUE(), "in progress")} -> completed
B10: CMMS | C10: 46048 | D10: 46157 | E10: 20-27 | F10: 73 | G10: 1 | H10: =IFERROR(COUNTIFS(baseline!B:B,B10,baseline!H:H,1)/COUNTIF(baseline!B:B,B10),0) -> 1 | I10: {=_xlfn.IFS(AND(G10=1, H10=1), "completed", AND(G10=0, H10=0), "not start yet", TRUE(), "in progress")} -> completed
B11: AI | C11: 46076 | D11: 46087 | E11: 22 | F11: 9 | G11: 1 | H11: =IFERROR(COUNTIFS(baseline!B:B,B11,baseline!H:H,1)/COUNTIF(baseline!B:B,B11),0) -> 1 | I11: {=_xlfn.IFS(AND(G11=1, H11=1), "completed", AND(G11=0, H11=0), "not start yet", TRUE(), "in progress")} -> completed
A12: MVP2: RCA | C12: =MIN(C13:D18) -> 46146 | D12: =MAX(C13:D18) -> 46269 | F12: =SUM(F13:F18) -> 131 | G12: =SUMPRODUCT(F13:F18,G13:G18)/SUM(F13:F18) -> 0.86259542 | H12: =SUMPRODUCT(F13:F18,H13:H18)/SUM(F13:F18) -> 0.80419847
B13: Case Creation - Create/Edit Analysis | C13: 46146 | D13: 46213 | E13: 27-31 | F13: 47 | G13: 1 | H13: =IFERROR(COUNTIFS(baseline!B:B,B13,baseline!H:H,1)/COUNTIF(baseline!B:B,B13),0) -> 1 | I13: {=_xlfn.IFS(AND(G13=1, H13=1), "completed", AND(G13=0, H13=0), "not start yet", TRUE(), "in progress")} -> completed
B14: Case Approval | C14: 46202 | D14: 46227 | E14: 31-32 | F14: 20 | G14: 1 | H14: =IFERROR(COUNTIFS(baseline!B:B,B14,baseline!H:H,1)/COUNTIF(baseline!B:B,B14),0) -> 1 | I14: {=_xlfn.IFS(AND(G14=1, H14=1), "completed", AND(G14=0, H14=0), "not start yet", TRUE(), "in progress")} -> completed
B15: Report | C15: 46216 | D15: 46241 | E15: 32-33 | F15: 18 | G15: 1 | H15: =IFERROR(COUNTIFS(baseline!B:B,B15,baseline!H:H,1)/COUNTIF(baseline!B:B,B15),0) -> 1 | I15: {=_xlfn.IFS(AND(G15=1, H15=1), "completed", AND(G15=0, H15=0), "not start yet", TRUE(), "in progress")} -> completed
B16: RCA Dashboard. | C16: 46230 | D16: 46255 | E16: 33-34 | F16: 17 | G16: 1 | H16: =IFERROR(COUNTIFS(baseline!B:B,B16,baseline!H:H,1)/COUNTIF(baseline!B:B,B16),0) -> 0.75 | I16: {=_xlfn.IFS(AND(G16=1, H16=1), "completed", AND(G16=0, H16=0), "not start yet", TRUE(), "in progress")} -> in progress
B17: User Management | C17: 46244 | D17: 46269 | E17: 34-35 | F17: 19 | G17: 0.52631579 | H17: =IFERROR(COUNTIFS(baseline!B:B,B17,baseline!H:H,1)/COUNTIF(baseline!B:B,B17),0) -> 0.4 | I17: {=_xlfn.IFS(AND(G17=1, H17=1), "completed", AND(G17=0, H17=0), "not start yet", TRUE(), "in progress")} -> in progress
B18: Noti Email | C18: 46258 | D18: 46269 | E18: 35 | F18: 10 | G18: 0.1 | H18: =IFERROR(COUNTIFS(baseline!B:B,B18,baseline!H:H,1)/COUNTIF(baseline!B:B,B18),0) -> 0 | I18: {=_xlfn.IFS(AND(G18=1, H18=1), "completed", AND(G18=0, H18=0), "not start yet", TRUE(), "in progress")} -> in progress
A19: UI Improvement | C19: =MIN(C20:D21) -> 46272 | D19: =MAX(C20:D21) -> 46353 | F19: =SUM(F20:F21) -> 58 | G19: =SUMPRODUCT(F20:F21,G20:G21)/SUM(F20:F21) -> 0 | H19: =SUMPRODUCT(F20:F21,H20:H21)/SUM(F20:F21) -> 0
B20: Requirement & Design | C20: 46272 | D20: 46297 | E20: 36-37 | F20: 20 | G20: 0 | H20: =IFERROR(COUNTIFS(baseline!B:B,B20,baseline!H:H,1)/COUNTIF(baseline!B:B,B20),0) -> 0 | I20: {=_xlfn.IFS(AND(G20=1, H20=1), "completed", AND(G20=0, H20=0), "not start yet", TRUE(), "in progress")} -> not start yet
B21: Implementation, Testing, and Deploy | C21: 46300 | D21: 46353 | E21: 38-41 | F21: 38 | G21: 0 | H21: =IFERROR(COUNTIFS(baseline!B:B,B21,baseline!H:H,1)/COUNTIF(baseline!B:B,B21),0) -> 0 | I21: {=_xlfn.IFS(AND(G21=1, H21=1), "completed", AND(G21=0, H21=0), "not start yet", TRUE(), "in progress")} -> not start yet
A22: Handover | C22: =MIN(C23:D24) -> 46356 | D22: =MAX(C23:D24) -> 46381 | F22: =SUM(F23:F24) -> 19 | G22: =SUMPRODUCT(F23:F24,G23:G24)/SUM(F23:F24) -> 0 | H22: =SUMPRODUCT(F23:F24,H23:H24)/SUM(F23:F24) -> 0
B23: Document | C23: 46356 | D23: 46367 | E23: 42 | F23: 9 | G23: 0 | H23: =IFERROR(COUNTIFS(baseline!B:B,B23,baseline!H:H,1)/COUNTIF(baseline!B:B,B23),0) -> 0 | I23: {=_xlfn.IFS(AND(G23=1, H23=1), "completed", AND(G23=0, H23=0), "not start yet", TRUE(), "in progress")} -> not start yet
B24: Knowledge Transfer | C24: 46370 | D24: 46381 | E24: 43 | F24: 10 | G24: 0 | H24: =IFERROR(COUNTIFS(baseline!B:B,B24,baseline!H:H,1)/COUNTIF(baseline!B:B,B24),0) -> 0 | I24: {=_xlfn.IFS(AND(G24=1, H24=1), "completed", AND(G24=0, H24=0), "not start yet", TRUE(), "in progress")} -> not start yet
A27: Assumption:
A28: 1) the project plan based on the requirement baseline sheet "baseline"
A29: 2) additional improvement and scope can be discussed in terms of trade-off OR additional requirement
A30: 3) the actual % is weighted by working days, excluding holidays

Sheet baseline
A1: Module | B1: Feature Name | C1: User Story ID | D1: User Story Description | E1: Sprint | F1: start | G1: end | H1: Status (1=Done, 0=Progress) | I1: Is Baseline | J1: Change Type | K1: Note | M1: Module | Feature | Sprint | T1: Baseline vs change record
A2: asm | B2: improvement - MyTasks | C2: EAPM-906 | D2: [Improvement][Home][GeneralDetails] My Tasks - Add checked Group Permission for Waiting for Approval Box. | E2: 18 | F2: 46027 | G2: 46031 | H2: 1 | I2: baseline | K2: email noti | M2: Module | N2: Sprint | O2: start | P2: end | Q2: Feature Name | R2: Count of User Story Description | T2: Module | U2: Count of Is Baseline
A3: asm | B3: notiEmail | C3: EAPM-278 | D3: [ASM][AssetStrategy] Email Notification Message - Template 2 (Review) | E3: 18 | F3: 46027 | G3: 46031 | H3: 1 | I3: baseline | K3: email noti | M3: asm | R3: 90 | T3: asm | U3: 90
A4: asm | B4: improvement - RisksAndTasks | C4: EAPM-923 | D4: [Improvement][ASM][AssetStrategy][RisksAndTasks] Risk Details - Add Description for Failure Impact + Change Field Name | E4: 18 | F4: 46027 | G4: 46031 | H4: 1 | I4: baseline | K4: email noti | N4: 18 | O4: 46027 | P4: 46031 | Q4: revision | R4: 8 | T4: handover | U4: 2
A5: asm | B5: improvement - TableList | C5: EAPM-244 | D5: [Improvement][ASM][AssetStrategy] Strategies Table List V3. - Add column | E5: 18 | F5: 46027 | G5: 46031 | H5: 1 | I5: baseline | K5: email noti | N5: 19 | O5: 46034 | P5: 46045 | Q5: revision | R5: 14 | T5: rca | U5: 41
A6: asm | B6: GCP | C6: EAPM-922 | D6: [ASM][AssetStrategy] Integrate FDP (GCP) - [BE] | E6: 18 | F6: 46027 | G6: 46031 | H6: 1 | I6: baseline | K6: integration | N6: 20 | O6: 46048 | P6: 46059 | Q6: cmms | R6: 14 | T6: ui improvement | U6: 6
A7: asm | B7: improvement - RisksAndTasks | C7: EAPM-919 | D7: [Improvement][ASM][AssetStrategy][RisksAndTasks] Risk/Task Panel - Change Icon Yellow Alert to Arrow Icon + Abbreviate Interval + SCE Tag | E7: 18 | F7: 46027 | G7: 46031 | H7: 1 | I7: baseline | K7: integration | N7: 21 | O7: 46062 | P7: 46073 | Q7: cmms | R7: 8 | T7: Total Result | U7: 139
A8: asm | B8: asm | C8: EAPM-882 | D8: [ASM] Apply a consistent design standard to all action buttons. [FE] | E8: 18 | F8: 46027 | G8: 46031 | H8: 1 | I8: baseline | K8: integration | N8: 22 | O8: 46076 | P8: 46087 | Q8: ai | R8: 7
A9: asm | B9: improvement - TableList | C9: EAPM-1071 | D9: [Improvement][ASM][AssetStrategy] All Table List - Change Design the shown numbers as total, select items, filter results | E9: 18 | F9: 46027 | G9: 46031 | H9: 1 | I9: baseline | K9: integration | Q9: cmms | R9: 4
A10: asm | B10: revision | C10: EAPM-10 | D10: [ASM][AssetStrategy][Revisions] Revision Details - Strategy Summary - Tab Summary | E10: 19 | F10: 46034 | G10: 46045 | H10: 1 | I10: baseline | N10: 23 | O10: 46090 | P10: 46101 | Q10: cmms | R10: 7
A11: asm | B11: revision | C11: EAPM-11 | D11: [ASM][AssetStrategy][Revisions] Revision Details - Strategy Summary - Tab Details | E11: 19 | F11: 46034 | G11: 46045 | H11: 1 | I11: baseline | N11: 24 | O11: 46104 | P11: 46115 | Q11: cmms | R11: 11
A12: asm | B12: revision | C12: EAPM-7 | D12: [ASM][AssetStrategy][Revisions] Revision Details - Risks and Tasks | E12: 19 | F12: 46034 | G12: 46045 | H12: 1 | I12: baseline | N12: 25 | O12: 46118 | P12: 46129 | Q12: cmms | R12: 5
A13: asm | B13: revision | C13: EAPM-25 | D13: [ASM][AssetStrategy][Revisions] Revision Details - Risks Details | E13: 19 | F13: 46034 | G13: 46045 | H13: 1 | I13: baseline | N13: 26 | O13: 46132 | P13: 46143 | Q13: cmms | R13: 6
A14: asm | B14: revision | C14: EAPM-26 | D14: [ASM][AssetStrategy][Revisions] Revision Details - Task Details | E14: 19 | F14: 46034 | G14: 46045 | H14: 1 | I14: baseline | N14: 27 | O14: 46146 | P14: 46157 | Q14: cmms | R14: 5
A15: asm | B15: revision | C15: EAPM-8 | D15: [ASM][AssetStrategy][Revisions] Revision Details - Risk Analysis | E15: 19 | F15: 46034 | G15: 46045 | H15: 1 | I15: baseline | N15: 29 | O15: 46174 | P15: 46185 | Q15: ai | R15: 1
A16: asm | B16: revision | C16: EAPM-9 | D16: [ASM][AssetStrategy][Revisions] Revision Details - Maintenance Plans | E16: 19 | F16: 46034 | G16: 46045 | H16: 1 | I16: baseline | M16: rca | R16: 64
A17: asm | B17: GCP | C17: EAPM-1255 | D17: [ASM][AssetStrategy] Trigger an update for all data retrieved from GCP. (Location, FDP, Maintenance Plan, ...) | E17: 19 | F17: 46034 | G17: 46045 | H17: 1 | I17: baseline | N17: 27 | O17: 46146 | P17: 46157 | Q17: Case creation - Create/Edit Analysis | R17: 6
A18: asm | B18: improvement - MyTasks | C18: EAPM-1302 | D18: [Improvement][Home][GeneralDetails] My Task - Apply standard design for table list | E18: 19 | F18: 46034 | G18: 46045 | H18: 1 | I18: baseline | N18: 28 | O18: 46160 | P18: 46171 | Q18: Case creation - Create/Edit Analysis | R18: 10
A19: asm | B19: improvement - UserManagement | C19: EAPM-1303 | D19: [Improvement][Admin] User Management - Apply standard design for table list | E19: 19 | F19: 46034 | G19: 46045 | H19: 1 | I19: baseline | N19: 29 | O19: 46174 | P19: 46185 | Q19: Case creation - Create/Edit Analysis | R19: 7
A20: asm | B20: improvement - MaintenancePlan | C20: EAPM-1304 | D20: [Improvement][ASM][AssetStrategy][MaintenancePlan] Maintenance Plan table list - Apply standard design for table list | E20: 19 | F20: 46034 | G20: 46045 | H20: 1 | I20: baseline | N20: 30 | O20: 46188 | P20: 46199 | Q20: Case creation - Create/Edit Analysis | R20: 4
A21: asm | B21: improvement - TableList | C21: EAPM-1392 | D21: [Improvement][ASM][AssetStrategy] Strategy Table list - Apply standard design for table list | E21: 19 | F21: 46034 | G21: 46045 | H21: 1 | I21: baseline | Q21: (empty) | R21: 7
A22: asm | B22: improvement - Revision | C22: EAPM-1393 | D22: [Improvement][ASM][AssetStrategy][Revision] Revision Table list - Apply standard design for table list | E22: 19 | F22: 46034 | G22: 46045 | H22: 1 | I22: baseline | N22: 31 | O22: 46202 | P22: 46213 | Q22: case approval | R22: 2
A23: asm | B23: improvement - RisksAndTasks | C23: EAPM-1394 | D23: [Improvement][ASM][AssetStrategy][Overview] Risk Matrix by Active Strategy Table list - Apply standard design for table list | E23: 19 | F23: 46034 | G23: 46045 | H23: 1 | I23: baseline | Q23: Case creation - Create/Edit Analysis | R23: 3
A24: asm | B24: improvement - TableList | C24: EAPM-1150 | D24: [Improvement][ASM][AssetStrategy] Table List - Searching and Sorting field Unmitigated Matrix, Mitigated Matrix | E24: 20 | F24: 46048 | G24: 46059 | H24: 1 | I24: baseline | N24: 32 | O24: 46216 | P24: 46227 | Q24: case approval | R24: 14
A25: asm | B25: improvement - Excel | C25: EAPM-349 | D25: [Improvement][ASM][AssetStrategy] Excel Template File V4. #1 | E25: 20 | F25: 46048 | G25: 46059 | H25: 1 | I25: baseline | Q25: Report | R25: 1
A26: asm | B26: improvement - Excel | C26: EAPM-1309 | D26: [Improvement][ASM][AssetStrategy] Excel Template File V4. #2 | E26: 20 | F26: 46048 | G26: 46059 | H26: 1 | I26: baseline | N26: 33 | O26: 46230 | P26: 46241 | Q26: RCA Dashboard. | R26: 2
A27: asm | B27: improvement - MaintenancePlan | C27: EAPM-2000 | D27: [Improvement][ASM][AssetStrategy][MaintenancePlans] Table List - Add dropdown "Work Center" | E27: 20 | F27: 46048 | G27: 46059 | H27: 1 | I27: baseline | Q27: Report | R27: 1
A28: asm | B28: improvement - RisksAndTasks | C28: EAPM-1999 | D28: [Improvement][ASM][AssetStrategy][RisksAndTasks] Task Details V3. | E28: 20 | F28: 46048 | G28: 46059 | H28: 1 | I28: baseline | N28: 34 | O28: 46244 | P28: 46255 | Q28: RCA Dashboard. | R28: 2
A29: asm | B29: improvement - RisksAndTasks | C29: EAPM-1585 | D29: [Improvement][FE][ASM][RisksAndTasks] Risk Property - Add more suggestion to 3M, 6M, 12M, 18M, 24M | E29: 20 | F29: 46048 | G29: 46059 | H29: 1 | I29: baseline | Q29: User Management | R29: 1
A30: asm | B30: improvement - RisksAndTasks | C30: EAPM-1883 | D30: [Improvement][ASM][RisksAndTasks] - Risk Detail / Task Detail - Add more suggestion | E30: 20 | F30: 46048 | G30: 46059 | H30: 1 | I30: baseline | N30: 35 | O30: 46258 | P30: 46269 | Q30: Noti Email | R30: 2
A31: asm | B31: improvement - RisksAndTasks | C31: EAPM-2003 | D31: [Improvement][ASM][AssetStrategy][RisksAndTasks] Risk Details - Change Logic | E31: 20 | F31: 46048 | G31: 46059 | H31: 1 | I31: baseline | Q31: User Management | R31: 2
A32: asm | B32: improvement - RisksAndTasks | C32: EAPM-2006 | D32: [Improvement][ASM][AssetStrategy][RisksAndTasks] Task Details - Set default ROI to "-1" | E32: 20 | F32: 46048 | G32: 46059 | H32: 1 | I32: baseline | M32: handover | R32: 2
A33: asm | B33: improvement - StrategySummary | C33: EAPM-2004 | D33: [Improvement][ASM][AssetStrategy][SummaryDetails] Change default "Plant Length =20" | E33: 20 | F33: 46048 | G33: 46059 | H33: 1 | I33: baseline | N33: 42 | O33: 46356 | P33: 46367 | Q33: Document | R33: 1
A34: sap | B34: cmms | C34: EAPM-1314 | D34: [ASM][AssetStrategy][MaintenancePlans] Integrate SAP - Mock Test JSON | E34: 20 | F34: 46048 | G34: 46059 | H34: 1 | I34: baseline | N34: 43 | O34: 46370 | P34: 46381 | Q34: Knowledge Transfer | R34: 1
A35: asm | B35: cmms | C35: EAPM-599 | D35: [ASM][AssetStrategy][MaintenancePlans] Table List - Submit Change Request Flow | E35: 20 | F35: 46048 | G35: 46059 | H35: 1 | I35: baseline | M35: ui improvement | R35: 6
A36: asm | B36: cmms | C36: EAPM-1305 | D36: [ASM][AssetStrategy][MaintenancePlans] Submit Change Request - Summary Action | E36: 20 | F36: 46048 | G36: 46059 | H36: 1 | I36: baseline | N36: 36 | O36: 46272 | P36: 46283 | Q36: Requirement & Design | R36: 1
A37: asm | B37: cmms | C37: EAPM-1799 | D37: [ASM][AssetStrategy][MaintenancePlans] Submit Change Request - Summary Action - Export Excel | E37: 20 | F37: 46048 | G37: 46059 | H37: 1 | I37: baseline | N37: 37 | O37: 46286 | P37: 46297 | Q37: Requirement & Design | R37: 1
A38: sap | B38: cmms | C38: EAPM-2423 | D38: [ASM][AssetStrategy][MaintenancePlans] Integrate SAP - Mock Test JSON #2 | E38: 21 | F38: 46062 | G38: 46073 | H38: 1 | I38: baseline | N38: 38 | O38: 46300 | P38: 46311 | Q38: Implementation, Testing, and Deploy | R38: 1
A39: asm | B39: improvement - MaintenancePlan | C39: EAPM-2487 | D39: [Improvement][ASM][AssetStrategy][MaintenancePlan] Converted interval value K = 000H | E39: 21 | F39: 46062 | G39: 46073 | H39: 1 | I39: baseline | N39: 39 | O39: 46314 | P39: 46325 | Q39: Implementation, Testing, and Deploy | R39: 1
A40: asm | B40: cmms | C40: EAPM-33 | D40: [ASM][AssetStrategy][MaintenancePlans] Submit Change Request Form - CMMS Change Request Form (RequestInfo) #1 | E40: 21 | F40: 46062 | G40: 46073 | H40: 1 | I40: baseline | N40: 40 | O40: 46328 | P40: 46339 | Q40: Implementation, Testing, and Deploy | R40: 1
A41: asm | B41: cmms | C41: EAPM-1306 | D41: [ASM][AssetStrategy][MaintenancePlans] Submit Change Request Form - CMMS Change Request Form (MaintenancePlanItem) #1 | E41: 21 | F41: 46062 | G41: 46073 | H41: 1 | I41: baseline | N41: 41 | O41: 46342 | P41: 46353 | Q41: Implementation, Testing, and Deploy | R41: 1
A42: asm | B42: cmms | C42: EAPM-1801 | D42: [ASM][AssetStrategy][MaintenancePlans] Submit Change Request Form - CMMS Change Request Form (MaintenancePlanItem) #2 | E42: 21 | F42: 46062 | G42: 46073 | H42: 1 | I42: baseline | M42: Total Result | R42: 162
A43: asm | B43: cmms | C43: EAPM-1955 | D43: [ASM][AssetStrategy][MaintenancePlans] Submit Change Request Form - CMMS Change Request Form (MaintenancePlanItem) #3 | E43: 21 | F43: 46062 | G43: 46073 | H43: 1 | I43: baseline
A44: asm | B44: cmms | C44: EAPM-1307 | D44: [ASM][AssetStrategy][MaintenancePlans] Submit Change Request Form - CMMS Change Request Form (MaintenancePlanItem) - Add/Duplicate/Delete row | E44: 21 | F44: 46062 | G44: 46073 | H44: 1 | I44: baseline
A45: asm | B45: improvement - RisksAndTasks | C45: EAPM-2486 | D45: [Improvement][ASM][AssetStrategy][RisksAndTasks] Scale Bar - Icon U / M | E45: 21 | F45: 46062 | G45: 46073 | H45: 1 | I45: baseline
A46: asm | B46: cmms | C46: EAPM-1308 | D46: [ASM][AssetStrategy][MaintenancePlans] Submit Change Request Form - CMMS Change Request Form (ObjectList) + Add/Duplicate/Delete row | E46: 22 | F46: 46076 | G46: 46087 | H46: 1 | I46: baseline
A47: asm | B47: cmms | C47: EAPM-1310 | D47: [ASM][AssetStrategy][MaintenancePlans] Submit Change Request Form - CMMS Change Request Form (TaskListHeader) #1 | E47: 22 | F47: 46076 | G47: 46087 | H47: 1 | I47: baseline
A48: asm | B48: cmms | C48: EAPM-1844 | D48: [ASM][AssetStrategy][MaintenancePlans] Submit Change Request Form - CMMS Change Request Form (TaskListHeader) #2 | E48: 22 | F48: 46076 | G48: 46087 | H48: 1 | I48: baseline
A49: asm | B49: cmms | C49: EAPM-1311 | D49: [ASM][AssetStrategy][MaintenancePlans] Submit Change Request Form - CMMS Change Request Form (TaskListHeader) - Add/Duplicate/Delete row | E49: 22 | F49: 46076 | G49: 46087 | H49: 1 | I49: baseline
A50: asm | B50: cmms | C50: EAPM-1312 | D50: [ASM][AssetStrategy][MaintenancePlans] Submit Change Request Form - CMMS Change Request Form (TaskListOperation) #1 | E50: 22 | F50: 46076 | G50: 46087 | H50: 1 | I50: baseline
A51: asm | B51: cmms | C51: EAPM-1845 | D51: [ASM][AssetStrategy][MaintenancePlans] Submit Change Request Form - CMMS Change Request Form (TaskListOperation) #2 | E51: 22 | F51: 46076 | G51: 46087 | H51: 1 | I51: baseline
A52: asm | B52: cmms | C52: EAPM-1313 | D52: [ASM][AssetStrategy][MaintenancePlans] Submit Change Request Form - CMMS Change Request Form (TaskListOperation) - Add/Duplicate/Delete row | E52: 22 | F52: 46076 | G52: 46087 | H52: 1 | I52: baseline
A53: asm | B53: cmms | C53: EAPM-2745 | D53: [ASM][AssetStrategy][MaintenancePlans] Submit Change Request - CMMS Form(PreFilled) - MaintenancePlanItem - Case: Add New Sub | E53: 22 | F53: 46076 | G53: 46087 | H53: 1 | I53: baseline
A54: asm | B54: cmms | C54: EAPM-2779 | D54: [ASM][AssetStrategy][MaintenancePlans] Submit Change Request Form - CMMS Change Request Form (TaskListHeader) - Add New Sub | E54: 22 | F54: 46076 | G54: 46087 | H54: 1 | I54: baseline
... A73: asm | B73: Migrate Data | C73: EAPM-2653 | D73: [ASM][AssetStrategy] ASM Data Migration | E73: 24 | F73: 46104 | G73: 46115 | H73: 1 | I73: baseline
A74: rca | B74: Case creation - Create/Edit Analysis | C74: EAPM-3445 | D74: [FE][RCA] POC powerpoint | E74: 24 | F74: 46104 | G74: 46115 | H74: 1 | I74: baseline | K74: rca
A75: sap | B75: sap | C75: EAPM-3717 | D75: [ASM] Update schema follow s4AHANA format | E75: 25 | F75: 46118 | G75: 46129 | H75: 1 | I75: baseline
A76: sap | B76: cmms | C76: EAPM-3727 | D76: [ASM][AssetStrategy][MaintenancePlans] Integrate SAP | E76: 25 | F76: 46118 | G76: 46129 | H76: 1 | I76: baseline
A77: asm | B77: improvement - MaintenancePlan | C77: EAPM-1160 | D77: [Improvement][ASM][AssetStrategy][MaintenancePlans] Table List - After Submit CMMS - Add logic Submit button | E77: 25 | F77: 46118 | G77: 46129 | H77: 1 | I77: baseline
A78: rca | B78: Case creation - Create/Edit Analysis | C78: EAPM-3797 | D78: [POC][FE][RCA] Logic Tree - Diagram | E78: 25 | F78: 46118 | G78: 46129 | H78: 1 | I78: baseline | K78: rca
A79: asm | B79: improvement - RisksAndTasks | C79: EAPM-3875 | D79: [Improvement][ASM][FE] Abbreviate number when exceeding digit threshold | E79: 25 | F79: 46118 | G79: 46129 | H79: 1 | I79: baseline
A80: asm | B80: improvement - Overview | C80: EAPM-4027 | D80: [Improvement][ASM][BE] tuning performance Graph | E80: 26 | F80: 46132 | G80: 46143 | H80: 1 | I80: baseline
A81: sap | B81: cmms | C81: EAPM-4042 | D81: [ASM][SAP] add temporary trigger button for test retry SAP failed - call api schedule SAP | E81: 26 | F81: 46132 | G81: 46143 | H81: 1 | I81: baseline
A82: asm | B82: cmms | C82: EAPM-3671 | D82: [Improvement][AssetStrategy][CMMS] Add column “SCE Group” + Prefill Operation Short Text + Add K logic | E82: 26 | F82: 46132 | G82: 46143 | H82: 1 | I82: baseline
A83: asm | B83: cmms | C83: EAPM-3355 | D83: [ASM][AssetStrategy][MaintenancePlans] Table List - Change Request No. - Hyperlink - modal Final, SG preview, related SG | E83: 26 | F83: 46132 | G83: 46143 | H83: 1 | I83: baseline
A84: asm | B84: Migrate Data | C84: EAPM-2653 | D84: [ASM][AssetStrategy] ASM Data Migration | E84: 26 | F84: 46132 | G84: 46143 | H84: 1 | I84: baseline
A85: asm | B85: cmms | C85: EAPM-1317 | D85: [ASM][AssetStrategy][MaintenancePlans] Submit Change Request Form - CMMS Form Final - Export Excel Finalized | E85: 26 | F85: 46132 | G85: 46143 | H85: 1 | I85: baseline
A86: asm | B86: cmms | C86: EAPM-1317 | D86: [ASM][AssetStrategy][MaintenancePlans] Submit Change Request Form - CMMS Form Final - Export Excel Finalized | E86: 27 | F86: 46146 | G86: 46157 | H86: 1 | I86: baseline
A87: asm | B87: cmms history log | C87: EAPM-1316 | D87: [ASM][AssetStrategy][CMMS] CMMS History Log - table + click button + Overview | E87: 27 | F87: 46146 | G87: 46157 | H87: 1 | I87: baseline
A88: asm | B88: cmms history log | C88: EAPM-2808 | D88: [ASM][AssetStrategy][CMMS] CMMS History Log - Click Hyperlink - View CMMS Final Form Details | E88: 27 | F88: 46146 | G88: 46157 | H88: 1 | I88: baseline
A89: asm | B89: cmms history log | C89: EAPM-3926 | D89: [ASM][AssetStrategy][CMMS] CMMS History Log - table - Export Excel (Submitted Final Form) | E89: 27 | F89: 46146 | G89: 46157 | H89: 1 | I89: baseline
A90: asm | B90: cmms history log | C90: EAPM-2809 | D90: [ASM][AssetStrategy][CMMS] CMMS History Log - table - Export Excel Table View | E90: 27 | F90: 46146 | G90: 46157 | H90: 1 | I90: baseline
... A95: asm | B95: asm | C95: EAPM-1800 | D95: [ASM][FE] Upgrade Version Angular | E95: 27 | F95: 46146 | G95: 46157 | H95: 1 | I95: baseline
A96: asm | B96: asm | C96: EAPM-4447 | D96: [ASM] Sustainable Tuning for support 2-3x or more data | E96: 28 | F96: 46160 | G96: 46171 | H96: 1 | I96: baseline | J96: moved | K96: move to 28
A97: sap | B97: cmms | C97: EAPM-4356 | D97: [Improvement][SAP] change toast error message after submit CMMS | E97: 27 | F97: 46146 | G97: 46157 | H97: 1 | I97: baseline
A98: sap | B98: cmms | C98: EAPM-4355 | D98: [Improvement][SAP] Error Handling from SAP response | E98: 28 | F98: 46160 | G98: 46171 | H98: 1 | I98: baseline | J98: moved | K98: move to 28
A99: rca | B99: Case creation - Create/Edit Analysis | C99: EAPM-3407 | D99: [RCA][createNewAnalysis] Team Member | E99: 28 | F99: 46160 | G99: 46171 | H99: 1 | I99: baseline
A100: rca | B100: Case creation - Create/Edit Analysis | C100: EAPM-3408 | D100: [RCA][createNewAnalysis] Case Background | E100: 28 | F100: 46160 | G100: 46171 | H100: 1 | I100: baseline
A101: rca | B101: Case creation - Create/Edit Analysis | C101: EAPM-3409 | D101: [RCA][createNewAnalysis] Problem Analysis | E101: 28 | F101: 46160 | G101: 46171 | H101: 1 | I101: baseline
A102: rca | B102: Case creation - Create/Edit Analysis | C102: EAPM-3410 | D102: [RCA][createNewAnalysis] Incident Timeline | E102: 29 | F102: 46174 | G102: 46185 | H102: 1 | I102: baseline | J102: moved | K102: move to 29
A103: asm | B103: cmms | C103: EAPM-4730 | D103: [Improvement][ASM][CMMS] Submit CMMS - Add PackageNo not found page | E103: 28 | F103: 46160 | G103: 46171 | H103: 1 | J103: added | K103: add on
A104: asm | B104: cmms | C104: EAPM-4731 | D104: [Improvement][ASM][CMMS] Submit CMMS - Change logic field "Updated Field" | E104: 28 | F104: 46160 | G104: 46171 | H104: 1 | J104: added | K104: add on
A105: asm | B105: improvement - Revision | C105: EAPM-3752 | D105: [Improvement][ASM][AssetStrategy][Revision] disabled icon restore | E105: 28 | F105: 46160 | G105: 46171 | H105: 1 | I105: baseline
A106: asm | B106: improvement - RisksAndTasks | C106: EAPM-3898 | D106: [Improvement][ASM][BE+FE] Abbreviate number when exceeding digit threshold | E106: 28 | F106: 46160 | G106: 46171 | H106: 1 | I106: baseline
A107: rca | B107: Case creation - Create/Edit Analysis | D107: [RCA][createNewAnalysis] Incident Timeline - Export PDF | E107: 28 | F107: 46160 | G107: 46171 | H107: 1 | I107: baseline | J107: removed | K107: remove
A108: asm | B108: ai | C108: EAPM-347 | D108: [ASM][AssetStrategy][RisksAndTasks] Risk tap Details - Integrate AI Suggestion | E108: 29 | F108: 46174 | G108: 46185 | H108: 1 | I108: baseline
A109: rca | B109: Case creation - Create/Edit Analysis | C109: EAPM-3411 | D109: [RCA][createNewAnalysis] Finding | E109: 29 | F109: 46174 | G109: 46185 | H109: 1 | I109: baseline | J109: moved | K109: move to 29
A110: rca | B110: Case creation - Create/Edit Analysis | C110: EAPM-3412 | D110: [RCA][createNewAnalysis] Logic Tree | E110: 29 | F110: 46174 | G110: 46185 | H110: 1 | I110: baseline
A111: rca | B111: Case creation - Create/Edit Analysis | C111: EAPM-3413 | D111: [RCA][createNewAnalysis] Logic Tree - Box Details | E111: 29 | F111: 46174 | G111: 46185 | H111: 1 | I111: baseline
A112: rca | B112: Case creation - Create/Edit Analysis | C112: EAPM-4516 | D112: [RCA][createNewAnalysis] Logic Tree - Box Details - Actions | E112: 29 | F112: 46174 | G112: 46185 | H112: 1 | I112: baseline
A113: rca | B113: Case creation - Create/Edit Analysis | C113: EAPM-3413 | D113: [RCA][createNewAnalysis] Verification Action | E113: 29 | F113: 46174 | G113: 46185 | H113: 1 | I113: baseline | J113: split | K113: breakdown 5217, move to sprint 30
A114: rca | B114: Case creation - Create/Edit Analysis | C114: EAPM-4567 | D114: [RCA][createNewAnalysis] Verification Action - Noti | E114: 29 | F114: 46174 | G114: 46185 | H114: 1 | I114: baseline
A115: rca | B115: Case creation - Create/Edit Analysis | C115: EAPM-3414 | D115: [RCA][createNewAnalysis] RCA Recommendations | E115: 30 | F115: 46188 | G115: 46199 | H115: 1 | I115: baseline | J115: split | K115: breakdown 5234
A116: rca | B116: Case creation - Create/Edit Analysis | C116: EAPM-3415 | D116: [RCA][createNewAnalysis] Other Recommendations | E116: 30 | F116: 46188 | G116: 46199 | H116: 1 | I116: baseline | J116: split | K116: breakdown 5235
A117: rca | B117: Case creation - Create/Edit Analysis | C117: EAPM-4568 | D117: [RCA][createNewAnalysis] Reference Document - Table 1 | E117: 30 | F117: 46188 | G117: 46199 | H117: 1 | I117: baseline
A118: rca | B118: Case creation - Create/Edit Analysis | C118: EAPM-4569 | D118: [RCA][createNewAnalysis] Reference Document - Table 2 | E118: 30 | F118: 46188 | G118: 46199 | H118: 1 | I118: baseline | J118: moved | K118: move to backlog
A119: sap | B119: cmms | C119: EAPM-5493 | D119: [Improvement][MaintenancePlan][SAP] Integrate S4HANA - (B1) | E119: 30 | F119: 46188 | G119: 46199 | H119: 1 | J119: added | K119: add on, no impact
A120: rca | B120: improve rca | C120: EAPM-5158 | D120: [Improvement][RCA][createNewAnalysis] change source of PTTEP Risk Matrix + Add last updated date | E120: 30 | F120: 46188 | G120: 46199 | H120: 1 | J120: added | K120: add on, no impact
A121: rca | B121: improve rca | C121: EAPM-5241 | D121: [Improvement][RCA][createNewAnalysis] Verification Actions - Table List - allow assigned group email from azure + add column "Last Updated by" | E121: 30 | F121: 46188 | G121: 46199 | H121: 1 | J121: added | K121: add on, no impact
A122: rca | B122: Case creation - Create/Edit Analysis | C122: EAPM-5397 | D122: [RCA] Sharepoint Structure | E122: 30 | F122: 46188 | G122: 46199 | H122: 1 | J122: added | K122: add on, no impact
...

Sheet sprintday
B1: team velocity | C1: 30 | D1: story point/sprint
B2: full | C2: 10 | D2: working day/sprint
B3: ref. holiday
A5: Sprint | B5: Start Date (Mon) | C5: End Date (Fri) | D5: Working Day | E5: Est. Story Point | F5: % Weight Resoure Sprint Utilize | G5: Remark | J5: Sprint | K5: Average of % Weight Resoure Sprint Utilize
A6: 18 | B6: 46027 | C6: 46031 | D6: =NETWORKDAYS(B6, C6, holiday!$A$2:$A$18) -> 5 | E6: =(D6/10)*$C$1 -> 15 | F6: =(D6)/$C$2 -> 0.5 | G6: half sprint | J6: 18 | K6: 0.5
A7: 19 | B7: 46034 | C7: 46045 | D7: =NETWORKDAYS(B7, C7, holiday!$A$2:$A$18) -> 10 | E7: =(D7/10)*$C$1 -> 30 | F7: =(D7)/$C$2 -> 1 | G7: full | J7: 19 | K7: 1
A8: 20 | B8: 46048 | C8: 46059 | D8: =NETWORKDAYS(B8, C8, holiday!$A$2:$A$18) -> 10 | E8: =(D8/10)*$C$1 -> 30 | F8: =(D8)/$C$2 -> 1 | G8: full | J8: 20 | K8: 1
A9: 21 | B9: 46062 | C9: 46073 | D9: =NETWORKDAYS(B9, C9, holiday!$A$2:$A$18) -> 10 | E9: =(D9/10)*$C$1 -> 30 | F9: =(D9)/$C$2 -> 1 | G9: full | J9: 21 | K9: 1
A10: 22 | B10: 46076 | C10: 46087 | D10: =NETWORKDAYS(B10, C10, holiday!$A$2:$A$18) -> 9 | E10: =(D10/10)*$C$1 -> 27 | F10: =(D10)/$C$2 -> 0.9 | G10: full | J10: 22 | K10: 0.9
A11: 23 | B11: 46090 | C11: 46101 | D11: =NETWORKDAYS(B11, C11, holiday!$A$2:$A$18) -> 10 | E11: =(D11/10)*$C$1 -> 30 | F11: =(D11)/$C$2 -> 1 | G11: full | J11: 23 | K11: 1
A12: 24 | B12: 46104 | C12: 46115 | D12: =NETWORKDAYS(B12, C12, holiday!$A$2:$A$18) -> 10 | E12: =(D12/10)*$C$1 -> 30 | F12: =(D12)/$C$2 -> 1 | G12: full | J12: 24 | K12: 1
A13: 25 | B13: 46118 | C13: 46129 | D13: =NETWORKDAYS(B13, C13, holiday!$A$2:$A$18) -> 6 | E13: =(D13/10)*$C$1 -> 18 | F13: =(D13)/$C$2 -> 0.6 | G13: full | J13: 25 | K13: 0.6
A14: 26 | B14: 46132 | C14: 46143 | D14: =NETWORKDAYS(B14, C14, holiday!$A$2:$A$18) -> 9 | E14: =(D14/10)*$C$1 -> 27 | F14: =(D14)/$C$2 -> 0.9 | G14: full | J14: 26 | K14: 0.9
A15: 27 | B15: 46146 | C15: 46157 | D15: =NETWORKDAYS(B15, C15, holiday!$A$2:$A$18) -> 9 | E15: =(D15/10)*$C$1 -> 27 | F15: =(D15)/$C$2 -> 0.9 | G15: full | J15: 27 | K15: 0.9
A16: 28 | B16: 46160 | C16: 46171 | D16: =NETWORKDAYS(B16, C16, holiday!$A$2:$A$18) -> 10 | E16: =(D16/10)*$C$1 -> 30 | F16: =(D16)/$C$2 -> 1 | G16: full | J16: 28 | K16: 1
A17: 29 | B17: 46174 | C17: 46185 | D17: =NETWORKDAYS(B17, C17, holiday!$A$2:$A$18) -> 8 | E17: =(D17/10)*$C$1 -> 24 | F17: =(D17)/$C$2 -> 0.8 | G17: full | J17: 29 | K17: 0.8
... A32: 44 | B32: 46384 | C32: 46395 | D32: =NETWORKDAYS(B32, C32, holiday!$A$2:$A$18) -> 9 | E32: =(D32/10)*$C$1 -> 27 | F32: =(D32)/$C$2 -> 0.9 | G32: half sprint | J32: 44 | K32: 0.9
J33: Grand Total | K33: 0.92222222

Sheet holiday
A1: Date | B1: Holiday Name
A2: 46023 | B2: New Year's Day
A3: 46084 | B3: Makha Bucha Day
A4: 46118 | B4: Chakri Memorial Day
A5: 46125 | B5: Songkran
A6: 46126 | B6: Songkran
A7: 46127 | B7: Songkran
A8: 46143 | B8: National Labor Day
A9: 46146 | B9: Coronation Day
A10: 46174 | B10: Sub. Visakha Bucha
A11: 46176 | B11: Queen's Birthday
A12: 46231 | B12: King's Birthday
A13: 46232 | B13: Asarnha Bucha Day
... A18: 46387 | B18: New Year's Eve

Sheet baseline V3
A1: Module | B1: Feature Name | C1: User Story ID | D1: User Story Description | E1: Sprint | F1: start | G1: end | H1: Status (1=Done, 0=Progress) | I1: Is Baseline | J1: Change Record | K1: note original | M1: Module | Feature | Sprint
A2: asm | B2: revision | C2: EAPM-906 | D2: [Improvement][Home][GeneralDetails] My Tasks - Add checked Group Permission for Waiting for Approval Box. | E2: 18 | F2: =VLOOKUP(E2, sprintday!$A$6:$C$32, 2, FALSE) -> 46027 | G2: =VLOOKUP(E2, sprintday!$A$6:$C$32, 3, FALSE) -> 46031 | H2: 1 | I2: baseline | K2: email noti | M2: Module | N2: Sprint | O2: start | P2: end | Q2: Feature Name | R2: Count of User Story Description
A3: asm | B3: revision | C3: EAPM-278 | D3: [ASM][AssetStrategy] Email Notification Message - Template 2 (Review) | E3: 18 | F3: =VLOOKUP(E3, sprintday!$A$6:$C$32, 2, FALSE) -> 46027 | G3: =VLOOKUP(E3, sprintday!$A$6:$C$32, 3, FALSE) -> 46031 | H3: 1 | I3: baseline | K3: email noti | M3: asm | R3: 90
A4: asm | B4: revision | C4: EAPM-923 | D4: [Improvement][ASM][AssetStrategy][RisksAndTasks] Risk Details - Add Description for Failure Impact + Change Field Name | E4: 18 | F4: =VLOOKUP(E4, sprintday!$A$6:$C$32, 2, FALSE) -> 46027 | G4: =VLOOKUP(E4, sprintday!$A$6:$C$32, 3, FALSE) -> 46031 | H4: 1 | I4: baseline | K4: email noti | N4: 18 | O4: 46027 | P4: 46031 | Q4: revision | R4: 8
A5: asm | B5: revision | C5: EAPM-244 | D5: [Improvement][ASM][AssetStrategy] Strategies Table List V3. - Add column | E5: 18 | F5: =VLOOKUP(E5, sprintday!$A$6:$C$32, 2, FALSE) -> 46027 | G5: =VLOOKUP(E5, sprintday!$A$6:$C$32, 3, FALSE) -> 46031 | H5: 1 | I5: baseline | K5: email noti | N5: 19 | O5: 46034 | P5: 46045 | Q5: revision | R5: 14
A6: asm | B6: revision | C6: EAPM-922 | D6: [ASM][AssetStrategy] Integrate FDP (GCP) - [BE] | E6: 18 | F6: =VLOOKUP(E6, sprintday!$A$6:$C$32, 2, FALSE) -> 46027 | G6: =VLOOKUP(E6, sprintday!$A$6:$C$32, 3, FALSE) -> 46031 | H6: 1 | I6: baseline | K6: integration | N6: 20 | O6: 46048 | P6: 46059 | Q6: cmms | R6: 14
A7: asm | B7: revision | C7: EAPM-919 | D7: [Improvement][ASM][AssetStrategy][RisksAndTasks] Risk/Task Panel - Change Icon Yellow Alert to Arrow Icon + Abbreviate Interval + SCE Tag | E7: 18 | F7: =VLOOKUP(E7, sprintday!$A$6:$C$32, 2, FALSE) -> 46027 | G7: =VLOOKUP(E7, sprintday!$A$6:$C$32, 3, FALSE) -> 46031 | H7: 1 | I7: baseline | K7: integration | N7: 21 | O7: 46062 | P7: 46073 | Q7: cmms | R7: 8
A8: asm | B8: revision | C8: EAPM-882 | D8: [ASM] Apply a consistent design standard to all action buttons. [FE] | E8: 18 | F8: =VLOOKUP(E8, sprintday!$A$6:$C$32, 2, FALSE) -> 46027 | G8: =VLOOKUP(E8, sprintday!$A$6:$C$32, 3, FALSE) -> 46031 | H8: 1 | I8: baseline | K8: integration | N8: 22 | O8: 46076 | P8: 46087 | Q8: ai | R8: 7
A9: asm | B9: revision | C9: EAPM-1071 | D9: [Improvement][ASM][AssetStrategy] All Table List - Change Design the shown numbers as total, select items, filter results | E9: 18 | F9: =VLOOKUP(E9, sprintday!$A$6:$C$32, 2, FALSE) -> 46027 | G9: =VLOOKUP(E9, sprintday!$A$6:$C$32, 3, FALSE) -> 46031 | H9: 1 | I9: baseline | K9: integration | Q9: cmms | R9: 4
A10: asm | B10: revision | C10: EAPM-10 | D10: [ASM][AssetStrategy][Revisions] Revision Details - Strategy Summary - Tab Summary | E10: 19 | F10: =VLOOKUP(E10, sprintday!$A$6:$C$32, 2, FALSE) -> 46034 | G10: =VLOOKUP(E10, sprintday!$A$6:$C$32, 3, FALSE) -> 46045 | H10: 1 | I10: baseline | N10: 23 | O10: 46090 | R10: 7
A11: asm | B11: revision | C11: EAPM-11 | D11: [ASM][AssetStrategy][Revisions] Revision Details - Strategy Summary - Tab Details | E11: 19 | F11: =VLOOKUP(E11, sprintday!$A$6:$C$32, 2, FALSE) -> 46034 | G11: =VLOOKUP(E11, sprintday!$A$6:$C$32, 3, FALSE) -> 46045 | H11: 1 | I11: baseline | N11: 24 | O11: 46104 | P11: 46115 | Q11: cmms | R11: 11
A12: asm | B12: revision | C12: EAPM-7 | D12: [ASM][AssetStrategy][Revisions] Revision Details - Risks and Tasks | E12: 19 | F12: =VLOOKUP(E12, sprintday!$A$6:$C$32, 2, FALSE) -> 46034 | G12: =VLOOKUP(E12, sprintday!$A$6:$C$32, 3, FALSE) -> 46045 | H12: 1 | I12: baseline | N12: 25 | O12: 46118 | P12: 46129 | Q12: cmms | R12: 5
A13: asm | B13: revision | C13: EAPM-25 | D13: [ASM][AssetStrategy][Revisions] Revision Details - Risks Details | E13: 19 | F13: =VLOOKUP(E13, sprintday!$A$6:$C$32, 2, FALSE) -> 46034 | G13: =VLOOKUP(E13, sprintday!$A$6:$C$32, 3, FALSE) -> 46045 | H13: 1 | I13: baseline | N13: 26 | O13: 46132 | P13: 46143 | Q13: cmms | R13: 6
A14: asm | B14: revision | C14: EAPM-26 | D14: [ASM][AssetStrategy][Revisions] Revision Details - Task Details | E14: 19 | F14: =VLOOKUP(E14, sprintday!$A$6:$C$32, 2, FALSE) -> 46034 | G14: =VLOOKUP(E14, sprintday!$A$6:$C$32, 3, FALSE) -> 46045 | H14: 1 | I14: baseline | N14: 27 | O14: 46146 | P14: 46157 | Q14: cmms | R14: 5
A15: asm | B15: revision | C15: EAPM-8 | D15: [ASM][AssetStrategy][Revisions] Revision Details - Risk Analysis | E15: 19 | F15: =VLOOKUP(E15, sprintday!$A$6:$C$32, 2, FALSE) -> 46034 | G15: =VLOOKUP(E15, sprintday!$A$6:$C$32, 3, FALSE) -> 46045 | H15: 1 | I15: baseline | N15: 29 | O15: 46174 | P15: 46185 | Q15: ai | R15: 1
A16: asm | B16: revision | C16: EAPM-9 | D16: [ASM][AssetStrategy][Revisions] Revision Details - Maintenance Plans | E16: 19 | F16: =VLOOKUP(E16, sprintday!$A$6:$C$32, 2, FALSE) -> 46034 | G16: =VLOOKUP(E16, sprintday!$A$6:$C$32, 3, FALSE) -> 46045 | H16: 1 | I16: baseline | M16: rca | R16: 57
A17: asm | B17: revision | C17: EAPM-1255 | D17: [ASM][AssetStrategy] Trigger an update for all data retrieved from GCP. (Location, FDP, Maintenance Plan, ...) | E17: 19 | F17: =VLOOKUP(E17, sprintday!$A$6:$C$32, 2, FALSE) -> 46034 | G17: =VLOOKUP(E17, sprintday!$A$6:$C$32, 3, FALSE) -> 46045 | H17: 1 | I17: baseline | N17: 27 | O17: 46146 | P17: 46157 | Q17: Case creation - Create/Edit Analysis | R17: 6
A18: asm | B18: revision | C18: EAPM-1302 | D18: [Improvement][Home][GeneralDetails] My Task - Apply standard design for table list | E18: 19 | F18: =VLOOKUP(E18, sprintday!$A$6:$C$32, 2, FALSE) -> 46034 | G18: =VLOOKUP(E18, sprintday!$A$6:$C$32, 3, FALSE) -> 46045 | H18: 1 | I18: baseline | N18: 28 | O18: 46160 | P18: 46171 | Q18: Case creation - Create/Edit Analysis | R18: 10
A19: asm | B19: revision | C19: EAPM-1303 | D19: [Improvement][Admin] User Management - Apply standard design for table list | E19: 19 | F19: =VLOOKUP(E19, sprintday!$A$6:$C$32, 2, FALSE) -> 46034 | G19: =VLOOKUP(E19, sprintday!$A$6:$C$32, 3, FALSE) -> 46045 | H19: 1 | I19: baseline | N19: 29 | O19: 46174 | P19: 46185 | Q19: Case creation - Create/Edit Analysis | R19: 7
A20: asm | B20: revision | C20: EAPM-1304 | D20: [Improvement][ASM][AssetStrategy][MaintenancePlan] Maintenance Plan table list - Apply standard design for table list | E20: 19 | F20: =VLOOKUP(E20, sprintday!$A$6:$C$32, 2, FALSE) -> 46034 | G20: =VLOOKUP(E20, sprintday!$A$6:$C$32, 3, FALSE) -> 46045 | H20: 1 | I20: baseline | N20: 30 | O20: 46188 | P20: 46199 | Q20: Case creation - Create/Edit Analysis | R20: 4 | T20: asm
A21: asm | B21: revision | C21: EAPM-1392 | D21: [Improvement][ASM][AssetStrategy] Strategy Table list - Apply standard design for table list | E21: 19 | F21: =VLOOKUP(E21, sprintday!$A$6:$C$32, 2, FALSE) -> 46034 | G21: =VLOOKUP(E21, sprintday!$A$6:$C$32, 3, FALSE) -> 46045 | H21: 1 | I21: baseline | N21: 31 | O21: 46202 | P21: 46213 | Q21: case approval | R21: 2 | T21: rca
A22: asm | B22: revision | C22: EAPM-1393 | D22: [Improvement][ASM][AssetStrategy][Revision] Revision Table list - Apply standard design for table list | E22: 19 | F22: =VLOOKUP(E22, sprintday!$A$6:$C$32, 2, FALSE) -> 46034 | G22: =VLOOKUP(E22, sprintday!$A$6:$C$32, 3, FALSE) -> 46045 | H22: 1 | I22: baseline | Q22: Case creation - Create/Edit Analysis | R22: 3 | T22: ui improvement
A23: asm | B23: revision | C23: EAPM-1394 | D23: [Improvement][ASM][AssetStrategy][Overview] Risk Matrix by Active Strategy Table list - Apply standard design for table list | E23: 19 | F23: =VLOOKUP(E23, sprintday!$A$6:$C$32, 2, FALSE) -> 46034 | G23: =VLOOKUP(E23, sprintday!$A$6:$C$32, 3, FALSE) -> 46045 | H23: 1 | I23: baseline | N23: 32 | O23: 46216 | P23: 46227 | Q23: case approval | R23: 14 | T23: handover
A24: asm | B24: cmms | C24: EAPM-1150 | D24: [Improvement][ASM][AssetStrategy] Table List - Searching and Sorting field Unmitigated Matrix, Mitigated Matrix | E24: 20 | F24: =VLOOKUP(E24, sprintday!$A$6:$C$32, 2, FALSE) -> 46048 | G24: =VLOOKUP(E24, sprintday!$A$6:$C$32, 3, FALSE) -> 46059 | H24: 1 | I24: baseline | Q24: Report | R24: 1
A25: asm | B25: cmms | C25: EAPM-349 | D25: [Improvement][ASM][AssetStrategy] Excel Template File V4. #1 | E25: 20 | F25: =VLOOKUP(E25, sprintday!$A$6:$C$32, 2, FALSE) -> 46048 | G25: =VLOOKUP(E25, sprintday!$A$6:$C$32, 3, FALSE) -> 46059 | H25: 1 | I25: baseline | N25: 33 | O25: 46230 | P25: 46241 | Q25: RCA Dashboard. | R25: 2
A26: asm | B26: cmms | C26: EAPM-1309 | D26: [Improvement][ASM][AssetStrategy] Excel Template File V4. #2 | E26: 20 | F26: =VLOOKUP(E26, sprintday!$A$6:$C$32, 2, FALSE) -> 46048 | G26: =VLOOKUP(E26, sprintday!$A$6:$C$32, 3, FALSE) -> 46059 | H26: 1 | I26: baseline | Q26: Report | R26: 1
A27: asm | B27: cmms | C27: EAPM-2000 | D27: [Improvement][ASM][AssetStrategy][MaintenancePlans] Table List - Add dropdown "Work Center" | E27: 20 | F27: =VLOOKUP(E27, sprintday!$A$6:$C$32, 2, FALSE) -> 46048 | G27: =VLOOKUP(E27, sprintday!$A$6:$C$32, 3, FALSE) -> 46059 | H27: 1 | I27: baseline | N27: 34 | O27: 46244 | P27: 46255 | Q27: RCA Dashboard. | R27: 2
A28: asm | B28: cmms | C28: EAPM-1999 | D28: [Improvement][ASM][AssetStrategy][RisksAndTasks] Task Details V3. | E28: 20 | F28: =VLOOKUP(E28, sprintday!$A$6:$C$32, 2, FALSE) -> 46048 | G28: =VLOOKUP(E28, sprintday!$A$6:$C$32, 3, FALSE) -> 46059 | H28: 1 | I28: baseline | Q28: User Management | R28: 1
A29: asm | B29: cmms | C29: EAPM-1585 | D29: [Improvement][FE][ASM][RisksAndTasks] Risk Property - Add more suggestion to 3M, 6M, 12M, 18M, 24M | E29: 20 | F29: =VLOOKUP(E29, sprintday!$A$6:$C$32, 2, FALSE) -> 46048 | G29: =VLOOKUP(E29, sprintday!$A$6:$C$32, 3, FALSE) -> 46059 | H29: 1 | I29: baseline | N29: 35 | O29: 46258 | P29: 46269 | Q29: Noti Email | R29: 2
A30: asm | B30: cmms | C30: EAPM-1883 | D30: [Improvement][ASM][RisksAndTasks] - Risk Detail / Task Detail - Add more suggestion | E30: 20 | F30: =VLOOKUP(E30, sprintday!$A$6:$C$32, 2, FALSE) -> 46048 | G30: =VLOOKUP(E30, sprintday!$A$6:$C$32, 3, FALSE) -> 46059 | H30: 1 | I30: baseline | Q30: User Management | R30: 2
A31: asm | B31: cmms | C31: EAPM-2003 | D31: [Improvement][ASM][AssetStrategy][RisksAndTasks] Risk Details - Change Logic | E31: 20 | F31: =VLOOKUP(E31, sprintday!$A$6:$C$32, 2, FALSE) -> 46048 | G31: =VLOOKUP(E31, sprintday!$A$6:$C$32, 3, FALSE) -> 46059 | H31: 1 | I31: baseline | M31: handover | R31: 2
A32: asm | B32: cmms | C32: EAPM-2006 | D32: [Improvement][ASM][AssetStrategy][RisksAndTasks] Task Details - Set default ROI to "-1" | E32: 20 | F32: =VLOOKUP(E32, sprintday!$A$6:$C$32, 2, FALSE) -> 46048 | G32: =VLOOKUP(E32, sprintday!$A$6:$C$32, 3, FALSE) -> 46059 | H32: 1 | I32: baseline | N32: 42 | O32: 46356 | P32: 46367 | Q32: Document | R32: 1
A33: asm | B33: cmms | C33: EAPM-2004 | D33: [Improvement][ASM][AssetStrategy][SummaryDetails] Change default "Plant Length =20" | E33: 20 | F33: =VLOOKUP(E33, sprintday!$A$6:$C$32, 2, FALSE) -> 46048 | G33: =VLOOKUP(E33, sprintday!$A$6:$C$32, 3, FALSE) -> 46059 | H33: 1 | I33: baseline | N33: 43 | O33: 46370 | P33: 46381 | Q33: Knowledge Transfer | R33: 1
A34: asm | B34: cmms | C34: EAPM-1314 | D34: [ASM][AssetStrategy][MaintenancePlans] Integrate SAP - Mock Test JSON | E34: 20 | F34: =VLOOKUP(E34, sprintday!$A$6:$C$32, 2, FALSE) -> 46048 | G34: =VLOOKUP(E34, sprintday!$A$6:$C$32, 3, FALSE) -> 46059 | H34: 1 | I34: baseline | M34: ui improvement | R34: 6
A35: asm | B35: cmms | C35: EAPM-599 | D35: [ASM][AssetStrategy][MaintenancePlans] Table List - Submit Change Request Flow | E35: 20 | F35: =VLOOKUP(E35, sprintday!$A$6:$C$32, 2, FALSE) -> 46048 | G35: =VLOOKUP(E35, sprintday!$A$6:$C$32, 3, FALSE) -> 46059 | H35: 1 | I35: baseline | N35: 36 | O35: 46272 | P35: 46283 | Q35: Requirement & Design | R35: 1
A36: asm | B36: cmms | C36: EAPM-1305 | D36: [ASM][AssetStrategy][MaintenancePlans] Submit Change Request - Summary Action | E36: 20 | F36: =VLOOKUP(E36, sprintday!$A$6:$C$32, 2, FALSE) -> 46048 | G36: =VLOOKUP(E36, sprintday!$A$6:$C$32, 3, FALSE) -> 46059 | H36: 1 | I36: baseline | N36: 37 | O36: 46286 | P36: 46297 | Q36: Requirement & Design | R36: 1
A37: asm | B37: cmms | C37: EAPM-1799 | D37: [ASM][AssetStrategy][MaintenancePlans] Submit Change Request - Summary Action - Export Excel | E37: 20 | F37: =VLOOKUP(E37, sprintday!$A$6:$C$32, 2, FALSE) -> 46048 | G37: =VLOOKUP(E37, sprintday!$A$6:$C$32, 3, FALSE) -> 46059 | H37: 1 | I37: baseline | N37: 38 | O37: 46300 | P37: 46311 | Q37: Implementation, Testing, and Deploy | R37: 1
A38: asm | B38: cmms | C38: EAPM-2423 | D38: [ASM][AssetStrategy][MaintenancePlans] Integrate SAP - Mock Test JSON #2 | E38: 21 | F38: =VLOOKUP(E38, sprintday!$A$6:$C$32, 2, FALSE) -> 46062 | G38: =VLOOKUP(E38, sprintday!$A$6:$C$32, 3, FALSE) -> 46073 | H38: 1 | I38: baseline | N38: 39 | O38: 46314 | P38: 46325 | Q38: Implementation, Testing, and Deploy | R38: 1
A39: asm | B39: cmms | C39: EAPM-2487 | D39: [Improvement][ASM][AssetStrategy][MaintenancePlan] Converted interval value K = 000H | E39: 21 | F39: =VLOOKUP(E39, sprintday!$A$6:$C$32, 2, FALSE) -> 46062 | G39: =VLOOKUP(E39, sprintday!$A$6:$C$32, 3, FALSE) -> 46073 | H39: 1 | I39: baseline | N39: 40 | O39: 46328 | P39: 46339 | Q39: Implementation, Testing, and Deploy | R39: 1
A40: asm | B40: cmms | C40: EAPM-33 | D40: [ASM][AssetStrategy][MaintenancePlans] Submit Change Request Form - CMMS Change Request Form (RequestInfo) #1 | E40: 21 | F40: =VLOOKUP(E40, sprintday!$A$6:$C$32, 2, FALSE) -> 46062 | G40: =VLOOKUP(E40, sprintday!$A$6:$C$32, 3, FALSE) -> 46073 | H40: 1 | I40: baseline | N40: 41 | O40: 46342 | P40: 46353 | Q40: Implementation, Testing, and Deploy | R40: 1
A41: asm | B41: cmms | C41: EAPM-1306 | D41: [ASM][AssetStrategy][MaintenancePlans] Submit Change Request Form - CMMS Change Request Form (MaintenancePlanItem) #1 | E41: 21 | F41: =VLOOKUP(E41, sprintday!$A$6:$C$32, 2, FALSE) -> 46062 | G41: =VLOOKUP(E41, sprintday!$A$6:$C$32, 3, FALSE) -> 46073 | H41: 1 | I41: baseline | M41: (blank) | R41: 7
A42: asm | B42: cmms | C42: EAPM-1801 | D42: [ASM][AssetStrategy][MaintenancePlans] Submit Change Request Form - CMMS Change Request Form (MaintenancePlanItem) #2 | E42: 21 | F42: =VLOOKUP(E42, sprintday!$A$6:$C$32, 2, FALSE) -> 46062 | G42: =VLOOKUP(E42, sprintday!$A$6:$C$32, 3, FALSE) -> 46073 | H42: 1 | I42: baseline | N42: 30 | O42: 46188 | P42: 46199 | Q42: (blank) | R42: 7
A43: asm | B43: cmms | C43: EAPM-1955 | D43: [ASM][AssetStrategy][MaintenancePlans] Submit Change Request Form - CMMS Change Request Form (MaintenancePlanItem) #3 | E43: 21 | F43: =VLOOKUP(E43, sprintday!$A$6:$C$32, 2, FALSE) -> 46062 | G43: =VLOOKUP(E43, sprintday!$A$6:$C$32, 3, FALSE) -> 46073 | H43: 1 | I43: baseline | M43: Grand Total | R43: 162
A44: asm | B44: cmms | C44: EAPM-1307 | D44: [ASM][AssetStrategy][MaintenancePlans] Submit Change Request Form - CMMS Change Request Form (MaintenancePlanItem) - Add/Duplicate/Delete row | E44: 21 | F44: =VLOOKUP(E44, sprintday!$A$6:$C$32, 2, FALSE) -> 46062 | G44: =VLOOKUP(E44, sprintday!$A$6:$C$32, 3, FALSE) -> 46073 | H44: 1 | I44: baseline
A45: asm | B45: cmms | C45: EAPM-2486 | D45: [Improvement][ASM][AssetStrategy][RisksAndTasks] Scale Bar - Icon U / M | E45: 21 | F45: =VLOOKUP(E45, sprintday!$A$6:$C$32, 2, FALSE) -> 46062 | G45: =VLOOKUP(E45, sprintday!$A$6:$C$32, 3, FALSE) -> 46073 | H45: 1 | I45: baseline | M45: Baseline user story
A46: asm | B46: ai | C46: EAPM-1308 | D46: [ASM][AssetStrategy][MaintenancePlans] Submit Change Request Form - CMMS Change Request Form (ObjectList) + Add/Duplicate/Delete row | E46: 22 | F46: =VLOOKUP(E46, sprintday!$A$6:$C$32, 2, FALSE) -> 46076 | G46: =VLOOKUP(E46, sprintday!$A$6:$C$32, 3, FALSE) -> 46087 | H46: 1 | I46: baseline | M46: Module | N46: Count of User Story Description
A47: asm | B47: ai | C47: EAPM-1310 | D47: [ASM][AssetStrategy][MaintenancePlans] Submit Change Request Form - CMMS Change Request Form (TaskListHeader) #1 | E47: 22 | F47: =VLOOKUP(E47, sprintday!$A$6:$C$32, 2, FALSE) -> 46076 | G47: =VLOOKUP(E47, sprintday!$A$6:$C$32, 3, FALSE) -> 46087 | H47: 1 | I47: baseline | M47: asm | N47: 90
A48: asm | B48: ai | C48: EAPM-1844 | D48: [ASM][AssetStrategy][MaintenancePlans] Submit Change Request Form - CMMS Change Request Form (TaskListHeader) #2 | E48: 22 | F48: =VLOOKUP(E48, sprintday!$A$6:$C$32, 2, FALSE) -> 46076 | G48: =VLOOKUP(E48, sprintday!$A$6:$C$32, 3, FALSE) -> 46087 | H48: 1 | I48: baseline | M48: handover | N48: 2
A49: asm | B49: ai | C49: EAPM-1311 | D49: [ASM][AssetStrategy][MaintenancePlans] Submit Change Request Form - CMMS Change Request Form (TaskListHeader) - Add/Duplicate/Delete row | E49: 22 | F49: =VLOOKUP(E49, sprintday!$A$6:$C$32, 2, FALSE) -> 46076 | G49: =VLOOKUP(E49, sprintday!$A$6:$C$32, 3, FALSE) -> 46087 | H49: 1 | I49: baseline | M49: rca | N49: 57
A50: asm | B50: ai | C50: EAPM-1312 | D50: [ASM][AssetStrategy][MaintenancePlans] Submit Change Request Form - CMMS Change Request Form (TaskListOperation) #1 | E50: 22 | F50: =VLOOKUP(E50, sprintday!$A$6:$C$32, 2, FALSE) -> 46076 | G50: =VLOOKUP(E50, sprintday!$A$6:$C$32, 3, FALSE) -> 46087 | H50: 1 | I50: baseline | M50: ui improvement | N50: 6
A51: asm | B51: ai | C51: EAPM-1845 | D51: [ASM][AssetStrategy][MaintenancePlans] Submit Change Request Form - CMMS Change Request Form (TaskListOperation) #2 | E51: 22 | F51: =VLOOKUP(E51, sprintday!$A$6:$C$32, 2, FALSE) -> 46076 | G51: =VLOOKUP(E51, sprintday!$A$6:$C$32, 3, FALSE) -> 46087 | H51: 1 | I51: baseline | M51: (blank) | N51: 7
A52: asm | B52: ai | C52: EAPM-1313 | D52: [ASM][AssetStrategy][MaintenancePlans] Submit Change Request Form - CMMS Change Request Form (TaskListOperation) - Add/Duplicate/Delete row | E52: 22 | F52: =VLOOKUP(E52, sprintday!$A$6:$C$32, 2, FALSE) -> 46076 | G52: =VLOOKUP(E52, sprintday!$A$6:$C$32, 3, FALSE) -> 46087 | H52: 1 | I52: baseline | M52: Grand Total | N52: 162
A53: asm | B53: cmms | C53: EAPM-2745 | D53: [ASM][AssetStrategy][MaintenancePlans] Submit Change Request - CMMS Form(PreFilled) - MaintenancePlanItem - Case: Add New Sub | E53: 22 | F53: =VLOOKUP(E53, sprintday!$A$6:$C$32, 2, FALSE) -> 46076 | G53: =VLOOKUP(E53, sprintday!$A$6:$C$32, 3, FALSE) -> 46087 | H53: 1 | I53: baseline
A54: asm | B54: cmms | C54: EAPM-2779 | D54: [ASM][AssetStrategy][MaintenancePlans] Submit Change Request Form - CMMS Change Request Form (TaskListHeader) - Add New Sub | E54: 22 | F54: =VLOOKUP(E54, sprintday!$A$6:$C$32, 2, FALSE) -> 46076 | G54: =VLOOKUP(E54, sprintday!$A$6:$C$32, 3, FALSE) -> 46087 | H54: 1 | I54: baseline
A55: asm | B55: cmms | C55: EAPM-2780 | D55: [ASM][AssetStrategy][MaintenancePlans] Submit Change Request Form - CMMS Change Request Form (TaskListOperation) - Add New Sub | E55: 22 | F55: =VLOOKUP(E55, sprintday!$A$6:$C$32, 2, FALSE) -> 46076 | G55: =VLOOKUP(E55, sprintday!$A$6:$C$32, 3, FALSE) -> 46087 | H55: 1 | I55: baseline
A56: asm | B56: cmms | C56: EAPM-2759 | D56: [ASM][AssetStrategy][MaintenancePlans] Table List - Add logic to "Request Sub." | E56: 22 | F56: =VLOOKUP(E56, sprintday!$A$6:$C$32, 2, FALSE) -> 46076 | G56: =VLOOKUP(E56, sprintday!$A$6:$C$32, 3, FALSE) -> 46087 | H56: 1 | I56: baseline
A57: asm | B57: cmms | C57: EAPM-1318 | D57: [ASM][AssetStrategy][MaintenancePlans] Submit Change Request Form - CMMS Change Request Form (AttachJobCard) | E57: 23 | F57: =VLOOKUP(E57, sprintday!$A$6:$C$32, 2, FALSE) -> 46090 | G57: =VLOOKUP(E57, sprintday!$A$6:$C$32, 3, FALSE) -> 46101 | H57: 1 | I57: baseline
A58: asm | B58: cmms | C58: EAPM-32 | D58: [ASM][AssetStrategy][MaintenancePlans] Submit Change Request Form - Strategy Preview - Initial + Before | E58: 23 | F58: =VLOOKUP(E58, sprintday!$A$6:$C$32, 2, FALSE) -> 46090 | G58: =VLOOKUP(E58, sprintday!$A$6:$C$32, 3, FALSE) -> 46101 | H58: 1 | I58: baseline
A59: asm | B59: cmms | C59: EAPM-1803 | D59: [ASM][AssetStrategy][MaintenancePlans] Submit Change Request Form - Strategy Preview - After | E59: 23 | F59: =VLOOKUP(E59, sprintday!$A$6:$C$32, 2, FALSE) -> 46090 | G59: =VLOOKUP(E59, sprintday!$A$6:$C$32, 3, FALSE) -> 46101 | H59: 1 | I59: baseline
A60: asm | B60: cmms | C60: EAPM-2488 | D60: [ASM][AssetStrategy][MaintenancePlans] Submit Change Request Form - Strategy Preview - Related Strategy | E60: 23 | F60: =VLOOKUP(E60, sprintday!$A$6:$C$32, 2, FALSE) -> 46090 | G60: =VLOOKUP(E60, sprintday!$A$6:$C$32, 3, FALSE) -> 46101 | H60: 1 | I60: baseline
A61: asm | B61: cmms | C61: EAPM-2672 | D61: [ASM][AssetStrategy][MaintenancePlans] Submit Change Request Form - Strategy Preview - Calculate Summary Interval | E61: 23 | F61: =VLOOKUP(E61, sprintday!$A$6:$C$32, 2, FALSE) -> 46090 | G61: =VLOOKUP(E61, sprintday!$A$6:$C$32, 3, FALSE) -> 46101 | H61: 1 | I61: baseline
A62: asm | B62: cmms | C62: EAPM-2945 | D62: [FE][POC][ASM][AssetStrategy][MaintenancePlan] POC CMMS Final Form - UI Screen + Export Excel | E62: 23 | F62: =VLOOKUP(E62, sprintday!$A$6:$C$32, 2, FALSE) -> 46090 | G62: =VLOOKUP(E62, sprintday!$A$6:$C$32, 3, FALSE) -> 46101 | H62: 1 | I62: baseline
A63: asm | B63: cmms | C63: EAPM-2946 | D63: [FE][Improvement][ASM][AssetStrategy][MaintenancePlans] Table List - Add logic to "Work Center" field | E63: 23 | F63: =VLOOKUP(E63, sprintday!$A$6:$C$32, 2, FALSE) -> 46090 | G63: =VLOOKUP(E63, sprintday!$A$6:$C$32, 3, FALSE) -> 46101 | H63: 1 | I63: baseline
A64: asm | B64: cmms | C64: EAPM-2007 | D64: [ASM][AssetStrategy][MaintenancePlan] CMMS Form Final - tap Finalized - Initial + Request Info | E64: 24 | F64: =VLOOKUP(E64, sprintday!$A$6:$C$32, 2, FALSE) -> 46104 | G64: =VLOOKUP(E64, sprintday!$A$6:$C$32, 3, FALSE) -> 46115 | H64: 1 | I64: baseline
... A73: asm | B73: cmms | C73: EAPM-2653 | D73: [ASM][AssetStrategy] ASM Data Migration | E73: 24 | F73: =VLOOKUP(E73, sprintday!$A$6:$C$32, 2, FALSE) -> 46104 | G73: =VLOOKUP(E73, sprintday!$A$6:$C$32, 3, FALSE) -> 46115 | H73: 1 | I73: baseline
A74: asm | B74: cmms | C74: EAPM-3445 | D74: [FE][RCA] POC powerpoint | E74: 24 | F74: =VLOOKUP(E74, sprintday!$A$6:$C$32, 2, FALSE) -> 46104 | G74: =VLOOKUP(E74, sprintday!$A$6:$C$32, 3, FALSE) -> 46115 | H74: 1 | I74: baseline | K74: rca
A75: asm | B75: cmms | C75: EAPM-3717 | D75: [ASM] Update schema follow s4AHANA format | E75: 25 | F75: =VLOOKUP(E75, sprintday!$A$6:$C$32, 2, FALSE) -> 46118 | G75: =VLOOKUP(E75, sprintday!$A$6:$C$32, 3, FALSE) -> 46129 | H75: 1 | I75: baseline
A76: asm | B76: cmms | C76: EAPM-3727 | D76: [ASM][AssetStrategy][MaintenancePlans] Integrate SAP | E76: 25 | F76: =VLOOKUP(E76, sprintday!$A$6:$C$32, 2, FALSE) -> 46118 | G76: =VLOOKUP(E76, sprintday!$A$6:$C$32, 3, FALSE) -> 46129 | H76: 1 | I76: baseline
A77: asm | B77: cmms | C77: EAPM-1160 | D77: [Improvement][ASM][AssetStrategy][MaintenancePlans] Table List - After Submit CMMS - Add logic Submit button | E77: 25 | F77: =VLOOKUP(E77, sprintday!$A$6:$C$32, 2, FALSE) -> 46118 | G77: =VLOOKUP(E77, sprintday!$A$6:$C$32, 3, FALSE) -> 46129 | H77: 1 | I77: baseline
A78: asm | B78: cmms | C78: EAPM-3797 | D78: [POC][FE][RCA] Logic Tree - Diagram | E78: 25 | F78: =VLOOKUP(E78, sprintday!$A$6:$C$32, 2, FALSE) -> 46118 | G78: =VLOOKUP(E78, sprintday!$A$6:$C$32, 3, FALSE) -> 46129 | H78: 1 | I78: baseline | K78: rca
A79: asm | B79: cmms | C79: EAPM-3875 | D79: [Improvement][ASM][FE] Abbreviate number when exceeding digit threshold | E79: 25 | F79: =VLOOKUP(E79, sprintday!$A$6:$C$32, 2, FALSE) -> 46118 | G79: =VLOOKUP(E79, sprintday!$A$6:$C$32, 3, FALSE) -> 46129 | H79: 1 | I79: baseline
A80: asm | B80: cmms | C80: EAPM-4027 | D80: [Improvement][ASM][BE] tuning performance Graph | E80: 26 | F80: =VLOOKUP(E80, sprintday!$A$6:$C$32, 2, FALSE) -> 46132 | G80: =VLOOKUP(E80, sprintday!$A$6:$C$32, 3, FALSE) -> 46143 | H80: 1 | I80: baseline
A81: asm | B81: cmms | C81: EAPM-4042 | D81: [ASM][SAP] add temporary trigger button for test retry SAP failed - call api schedule SAP | E81: 26 | F81: =VLOOKUP(E81, sprintday!$A$6:$C$32, 2, FALSE) -> 46132 | G81: =VLOOKUP(E81, sprintday!$A$6:$C$32, 3, FALSE) -> 46143 | H81: 1 | I81: baseline
A82: asm | B82: cmms | C82: EAPM-3671 | D82: [Improvement][AssetStrategy][CMMS] Add column “SCE Group” + Prefill Operation Short Text + Add K logic | E82: 26 | F82: =VLOOKUP(E82, sprintday!$A$6:$C$32, 2, FALSE) -> 46132 | G82: =VLOOKUP(E82, sprintday!$A$6:$C$32, 3, FALSE) -> 46143 | H82: 1 | I82: baseline
A83: asm | B83: cmms | C83: EAPM-3355 | D83: [ASM][AssetStrategy][MaintenancePlans] Table List - Change Request No. - Hyperlink - modal Final, SG preview, related SG | E83: 26 | F83: =VLOOKUP(E83, sprintday!$A$6:$C$32, 2, FALSE) -> 46132 | G83: =VLOOKUP(E83, sprintday!$A$6:$C$32, 3, FALSE) -> 46143 | H83: 1 | I83: baseline
A84: asm | B84: cmms | C84: EAPM-2653 | D84: [ASM][AssetStrategy] ASM Data Migration | E84: 26 | F84: =VLOOKUP(E84, sprintday!$A$6:$C$32, 2, FALSE) -> 46132 | G84: =VLOOKUP(E84, sprintday!$A$6:$C$32, 3, FALSE) -> 46143 | H84: 1 | I84: baseline
A85: asm | B85: cmms | C85: EAPM-1317 | D85: [ASM][AssetStrategy][MaintenancePlans] Submit Change Request Form - CMMS Form Final - Export Excel Finalized | E85: 26 | F85: =VLOOKUP(E85, sprintday!$A$6:$C$32, 2, FALSE) -> 46132 | G85: =VLOOKUP(E85, sprintday!$A$6:$C$32, 3, FALSE) -> 46143 | H85: 1 | I85: baseline
A86: asm | B86: cmms | C86: EAPM-1317 | D86: [ASM][AssetStrategy][MaintenancePlans] Submit Change Request Form - CMMS Form Final - Export Excel Finalized | E86: 27 | F86: =VLOOKUP(E86, sprintday!$A$6:$C$32, 2, FALSE) -> 46146 | G86: =VLOOKUP(E86, sprintday!$A$6:$C$32, 3, FALSE) -> 46157 | H86: 1 | I86: baseline
A87: asm | B87: cmms | C87: EAPM-1316 | D87: [ASM][AssetStrategy][CMMS] CMMS History Log - table + click button + Overview | E87: 27 | F87: =VLOOKUP(E87, sprintday!$A$6:$C$32, 2, FALSE) -> 46146 | G87: =VLOOKUP(E87, sprintday!$A$6:$C$32, 3, FALSE) -> 46157 | H87: 1 | I87: baseline
A88: asm | B88: cmms | C88: EAPM-2808 | D88: [ASM][AssetStrategy][CMMS] CMMS History Log - Click Hyperlink - View CMMS Final Form Details | E88: 27 | F88: =VLOOKUP(E88, sprintday!$A$6:$C$32, 2, FALSE) -> 46146 | G88: =VLOOKUP(E88, sprintday!$A$6:$C$32, 3, FALSE) -> 46157 | H88: 1 | I88: baseline
A89: asm | B89: cmms | C89: EAPM-3926 | D89: [ASM][AssetStrategy][CMMS] CMMS History Log - table - Export Excel (Submitted Final Form) | E89: 27 | F89: =VLOOKUP(E89, sprintday!$A$6:$C$32, 2, FALSE) -> 46146 | G89: =VLOOKUP(E89, sprintday!$A$6:$C$32, 3, FALSE) -> 46157 | H89: 1 | I89: baseline
A90: asm | B90: cmms | C90: EAPM-2809 | D90: [ASM][AssetStrategy][CMMS] CMMS History Log - table - Export Excel Table View | E90: 27 | F90: =VLOOKUP(E90, sprintday!$A$6:$C$32, 2, FALSE) -> 46146 | G90: =VLOOKUP(E90, sprintday!$A$6:$C$32, 3, FALSE) -> 46157 | H90: 1 | I90: baseline
... A95: rca | B95: Case creation - Create/Edit Analysis | C95: EAPM-1800 | D95: [ASM][FE] Upgrade Version Angular | E95: 27 | F95: =VLOOKUP(E95, sprintday!$A$6:$C$32, 2, FALSE) -> 46146 | G95: =VLOOKUP(E95, sprintday!$A$6:$C$32, 3, FALSE) -> 46157 | H95: 1 | I95: baseline
A96: rca | B96: Case creation - Create/Edit Analysis | C96: EAPM-4447 | D96: [ASM] Sustainable Tuning for support 2-3x or more data | E96: 28 | F96: =VLOOKUP(E96, sprintday!$A$6:$C$32, 2, FALSE) -> 46160 | G96: =VLOOKUP(E96, sprintday!$A$6:$C$32, 3, FALSE) -> 46171 | H96: 1 | I96: baseline | J96: move to 28
A97: rca | B97: Case creation - Create/Edit Analysis | C97: EAPM-4356 | D97: [Improvement][SAP] change toast error message after submit CMMS | E97: 27 | F97: =VLOOKUP(E97, sprintday!$A$6:$C$32, 2, FALSE) -> 46146 | G97: =VLOOKUP(E97, sprintday!$A$6:$C$32, 3, FALSE) -> 46157 | H97: 1 | I97: baseline
A98: rca | B98: Case creation - Create/Edit Analysis | C98: EAPM-4355 | D98: [Improvement][SAP] Error Handling from SAP response | E98: 28 | F98: =VLOOKUP(E98, sprintday!$A$6:$C$32, 2, FALSE) -> 46160 | G98: =VLOOKUP(E98, sprintday!$A$6:$C$32, 3, FALSE) -> 46171 | H98: 1 | I98: baseline | J98: move to 28
A99: rca | B99: Case creation - Create/Edit Analysis | C99: EAPM-3407 | D99: [RCA][createNewAnalysis] Team Member | E99: 28 | F99: =VLOOKUP(E99, sprintday!$A$6:$C$32, 2, FALSE) -> 46160 | G99: =VLOOKUP(E99, sprintday!$A$6:$C$32, 3, FALSE) -> 46171 | H99: 1 | I99: baseline
A100: rca | B100: Case creation - Create/Edit Analysis | C100: EAPM-3408 | D100: [RCA][createNewAnalysis] Case Background | E100: 28 | F100: =VLOOKUP(E100, sprintday!$A$6:$C$32, 2, FALSE) -> 46160 | G100: =VLOOKUP(E100, sprintday!$A$6:$C$32, 3, FALSE) -> 46171 | H100: 1 | I100: baseline
A101: rca | B101: Case creation - Create/Edit Analysis | C101: EAPM-3409 | D101: [RCA][createNewAnalysis] Problem Analysis | E101: 28 | F101: =VLOOKUP(E101, sprintday!$A$6:$C$32, 2, FALSE) -> 46160 | G101: =VLOOKUP(E101, sprintday!$A$6:$C$32, 3, FALSE) -> 46171 | H101: 1 | I101: baseline
A102: rca | B102: Case creation - Create/Edit Analysis | C102: EAPM-3410 | D102: [RCA][createNewAnalysis] Incident Timeline | E102: 29 | F102: =VLOOKUP(E102, sprintday!$A$6:$C$32, 2, FALSE) -> 46174 | G102: =VLOOKUP(E102, sprintday!$A$6:$C$32, 3, FALSE) -> 46185 | H102: 1 | I102: baseline | J102: move to 29
A103: rca | B103: Case creation - Create/Edit Analysis | C103: EAPM-4730 | D103: [Improvement][ASM][CMMS] Submit CMMS - Add PackageNo not found page | E103: 28 | F103: =VLOOKUP(E103, sprintday!$A$6:$C$32, 2, FALSE) -> 46160 | G103: =VLOOKUP(E103, sprintday!$A$6:$C$32, 3, FALSE) -> 46171 | H103: 1 | I103: add on | J103: add on
A104: rca | B104: Case creation - Create/Edit Analysis | C104: EAPM-4731 | D104: [Improvement][ASM][CMMS] Submit CMMS - Change logic field "Updated Field" | E104: 28 | F104: =VLOOKUP(E104, sprintday!$A$6:$C$32, 2, FALSE) -> 46160 | G104: =VLOOKUP(E104, sprintday!$A$6:$C$32, 3, FALSE) -> 46171 | H104: 1 | I104: add on | J104: add on
A105: rca | B105: Case creation - Create/Edit Analysis | C105: EAPM-3752 | D105: [Improvement][ASM][AssetStrategy][Revision] disabled icon restore | E105: 28 | F105: =VLOOKUP(E105, sprintday!$A$6:$C$32, 2, FALSE) -> 46160 | G105: =VLOOKUP(E105, sprintday!$A$6:$C$32, 3, FALSE) -> 46171 | H105: 1 | I105: baseline
A106: rca | B106: Case creation - Create/Edit Analysis | C106: EAPM-3898 | D106: [Improvement][ASM][BE+FE] Abbreviate number when exceeding digit threshold | E106: 28 | F106: =VLOOKUP(E106, sprintday!$A$6:$C$32, 2, FALSE) -> 46160 | G106: =VLOOKUP(E106, sprintday!$A$6:$C$32, 3, FALSE) -> 46171 | H106: 1 | I106: baseline
A107: rca | B107: Case creation - Create/Edit Analysis | D107: [RCA][createNewAnalysis] Incident Timeline - Export PDF | E107: 28 | F107: =VLOOKUP(E107, sprintday!$A$6:$C$32, 2, FALSE) -> 46160 | G107: =VLOOKUP(E107, sprintday!$A$6:$C$32, 3, FALSE) -> 46171 | H107: 1 | I107: remove | J107: remove
A108: asm | B108: ai | C108: EAPM-347 | D108: [ASM][AssetStrategy][RisksAndTasks] Risk tap Details - Integrate AI Suggestion | E108: 29 | F108: =VLOOKUP(E108, sprintday!$A$6:$C$32, 2, FALSE) -> 46174 | G108: =VLOOKUP(E108, sprintday!$A$6:$C$32, 3, FALSE) -> 46185 | H108: 1 | I108: baseline
A109: rca | B109: Case creation - Create/Edit Analysis | C109: EAPM-3411 | D109: [RCA][createNewAnalysis] Finding | E109: 29 | F109: =VLOOKUP(E109, sprintday!$A$6:$C$32, 2, FALSE) -> 46174 | G109: =VLOOKUP(E109, sprintday!$A$6:$C$32, 3, FALSE) -> 46185 | H109: 1 | I109: baseline | J109: move to 29
A110: rca | B110: Case creation - Create/Edit Analysis | C110: EAPM-3412 | D110: [RCA][createNewAnalysis] Logic Tree | E110: 29 | F110: =VLOOKUP(E110, sprintday!$A$6:$C$32, 2, FALSE) -> 46174 | G110: =VLOOKUP(E110, sprintday!$A$6:$C$32, 3, FALSE) -> 46185 | H110: 1 | I110: baseline
A111: rca | B111: Case creation - Create/Edit Analysis | C111: EAPM-3413 | D111: [RCA][createNewAnalysis] Logic Tree - Box Details | E111: 29 | F111: =VLOOKUP(E111, sprintday!$A$6:$C$32, 2, FALSE) -> 46174 | G111: =VLOOKUP(E111, sprintday!$A$6:$C$32, 3, FALSE) -> 46185 | H111: 1 | I111: baseline
A112: rca | B112: Case creation - Create/Edit Analysis | C112: EAPM-4516 | D112: [RCA][createNewAnalysis] Logic Tree - Box Details - Actions | E112: 29 | F112: =VLOOKUP(E112, sprintday!$A$6:$C$32, 2, FALSE) -> 46174 | G112: =VLOOKUP(E112, sprintday!$A$6:$C$32, 3, FALSE) -> 46185 | H112: 1 | I112: baseline
...
